,Date,year,month,OVX_avg,OVX_sum,OVX_end,VIX_avg,VIX_sum,VIX_end,WorldOilProd,CrudeOilStock,PetroleumStockUS,PetroleumStockOECD,IndustrialProd,EconActivityShock,OilConsumptionDemandShock,InventoryDemandShock,OilSupplyShock,WTISpotPrice,GPR,CPI,StockVol,OilVol,VolRatio,ScaleFactor,OilInventory
0,2007-06-01,2007,6,27.0028571428571,567.06,27.44,14.947619047619,313.9,16.23,11.188889733434966,1044.341,1729.597,4161.746,4.713833541261219,-0.29494472885366,1.49013047325632,0.209849370119035,-1.68824583622233,3.483152854078167,97.9723129272461,207.234,0.001472436152707903,0.0041093801810326664,2.790871558997826,2.4061940440460985,7.8291876078248155
1,2007-07-01,2007,7,27.72,582.12,30.69,17.2733333333333,362.74,16.23,11.195912482974057,1026.994,1733.466,4194.891,4.718302423429047,0.062478868349463,4.13634089538214,-0.856100437422312,0.293332958418372,3.5760371559951634,112.346252441406,207.603,0.0024262573507282097,0.0038156961913483546,1.5726675450166583,2.4199442042705193,7.818135851468722
2,2007-08-01,2007,8,30.7173913043478,706.5,28.86,25.0260869565217,575.6,16.23,11.186980620393115,1010.976,1715.657,4176.211,4.722594935245345,-0.096013633603743,-2.20791084871756,-1.2372758063158,-0.6558950735809,3.5513025190386496,83.1732025146484,207.667,0.005133959825650448,0.006307367847704992,1.228558084189114,2.434175945424989,7.808279758353593
3,2007-09-01,2007,9,29.85,567.15,29.32,22.198947368421,421.78,16.23,11.197685539043022,1003.915,1716.535,4165.695,4.723232293811326,-0.0168219888883952,5.07092373485051,-0.305436986649545,-0.845450777558005,3.6461570021260896,94.4888687133789,208.547,0.001868478612853518,0.0036970689764602572,1.978652017222792,2.4268045801571185,7.798238039721028
4,2007-10-01,2007,10,31.3004347826086,719.91,37.46,19.115652173913,439.66,16.23,11.20692326577508,1001.368,1707.655,4132.156,4.729795537299268,0.153361890185768,2.83631889562828,-0.328162983990215,0.0852757654200127,3.71859743375671,101.473014831543,209.19,0.0016828769319449134,0.010174204131252394,6.045720835625211,2.4197838556382876,7.792800564450381
5,2007-11-01,2007,11,36.9780952380952,776.54,37.26,25.5823809523809,537.23,16.23,11.202940658558475,995.028,1689.773,4088.918,4.7339406383005835,0.0491627347720337,2.66580996736367,-0.650538631623889,-1.55270856763656,3.803967962207191,89.7954483032227,210.834,0.005636835202811061,0.009515154449111291,1.6880313343853182,2.4198031333202747,7.786457064458028
6,2007-12-01,2007,12,33.323,666.46,36.35,21.651,433.02,16.23,11.208975925174453,983.046,1665.345,4083.121,4.736067738097891,-0.070311345718483,-2.46856408602454,0.555525647222944,0.26586761726101,3.770054748122804,94.9674911499023,211.445,0.00234742642092145,0.006568350100652168,2.7981069149225353,2.4518168907944,7.78748525237161
7,2008-01-01,2008,1,33.4342857142857,702.12,30.24,25.8161904761904,542.14,16.23,11.210117977989308,994.556,1676.55,4138.711,4.750814791521406,1.23059000144123,-1.48309000738188,1.35698535371751,-0.60148485520815,3.7798252074015197,81.4998245239258,212.174,0.004831612094332629,0.004295846808877292,0.8891125208325856,2.4685878739077274,7.805942682594387
8,2008-02-01,2008,2,32.667,653.34,34.82,25.456,509.12,16.23,11.212602228619055,1001.113,1663.623,4079.592,4.745369424039905,-0.782034989722584,2.45672308451693,-0.217370201333076,-0.672124716103659,3.8029029166430406,80.75146484375,212.687,0.0032256425132354497,0.006348735397634354,1.9682079993626806,2.452233468760651,7.805866889242718
9,2008-03-01,2008,3,40.3085,806.17,39.32,27.1035,542.07,16.23,11.215029811017867,1015.031,1654.739,4095.95,4.742229348707955,-0.491012032437654,0.657917885273544,2.74203265850976,0.0316405782488311,3.9010564543389905,77.6361389160156,213.448,0.006337670255479656,0.013840743471897385,2.183885073530048,2.47528462192527,7.829029821047904
10,2008-04-01,2008,4,39.6840909090909,873.05,38.52,21.5627272727272,474.38,16.23,11.207026874685349,1021.207,1666.413,4081.58,4.746517827000118,-0.155372012495686,2.60322323939666,-1.01056862197347,-0.346895281915309,3.9630404861050716,71.9048080444336,213.942,0.0029037349221417053,0.006253825856343422,2.1537178923104983,2.449320786623724,7.824551296196413
11,2008-05-01,2008,5,38.9709523809523,818.39,42.3,18.3033333333333,384.37,16.23,11.211326196047336,1007.904,1674.104,4109.199,4.737676303197356,-1.02389504966496,7.53408188393335,-0.776638594159605,-0.3145566595605,4.064994063872682,72.5737991333008,215.208,0.0016406526395397322,0.007093534934438594,4.323605596629284,2.4545661440388407,7.813578228223935
12,2008-06-01,2008,6,45.987619047619,965.74,45.11,22.1104761904761,464.32,16.23,11.211589805067211,1001.727,1686.009,4125.063,4.740305791175292,0.0894188215872821,2.60735275036044,-0.521400896158206,0.541734667113747,4.1204587402721,87.5484237670898,217.463,0.003425235357583767,0.016955017562996687,4.95002993749227,2.446643523255214,7.804197884185941
13,2008-07-01,2008,7,48.9254545454545,1076.36,47.02,24.3222727272727,535.09,16.23,11.221623515328044,1002.447,1698.089,4166.523,4.733621446565204,-0.793612246339032,-0.787373985660576,1.30262219973929,0.800711421460148,4.109677338090002,89.7395706176758,219.016,0.00446583885504456,0.01357325198263053,3.039351043152473,2.453654078202026,7.807777663877468
14,2008-08-01,2008,8,46.7119047619047,980.95,50.22,20.6957142857142,434.61,16.23,11.205472564716658,1009.726,1710.596,4192.832,4.724581229054305,-0.744991652907789,-5.59681929250572,0.074063254113422,-0.324046070525585,3.976350017620101,88.5541076660156,218.69,0.003447849364466681,0.010725066917329046,3.110654145120408,2.4510942384993304,7.813968838708549
15,2008-09-01,2008,9,50.5938095238095,1062.47,59.56,30.297619047619,636.25,16.23,11.191693503140263,1006.449,1704.422,4174.277,4.714394925905143,-0.614358107088425,-2.65873790428701,-0.741423341499932,-0.278671728912544,3.8600891558933683,88.5425567626953,218.877,0.023804042857863274,0.0770264863905631,3.235857322661418,2.4490865525087098,7.809898692480602
16,2008-10-01,2008,10,72.1891304347826,1660.35,80.56,61.1773913043478,1407.08,16.23,11.206220261336219,1014.474,1711.036,4182.137,4.698828092449383,-1.12658836707732,-8.43436262025185,-0.0131702938073061,3.49042058639744,3.5645454795055684,64.159797668457,216.995,0.05808852748923309,0.047114930780625,0.8110883993290743,2.4442133304033344,7.815848855448187
17,2008-11-01,2008,11,80.8910526315789,1536.93,80.26,62.668947368421,1190.71,16.23,11.204054620968057,1023.394,1732.029,4207.898,4.6714156869063626,-1.87814016775475,-7.05953102377257,-0.643466136240359,2.0203402173239,3.2939008930205316,79.0809707641602,213.153,0.03625687380071234,0.06130058504274593,1.6907300221107744,2.4294616314161024,7.818549515492434
18,2008-12-01,2008,12,91.915909090909,2022.15,88.93,52.355909090909,1151.83,16.23,11.19315578086525,1027.663,1736.739,4214.078,4.63876355684761,-2.24817746631198,-5.28522224739248,-1.34010821564416,1.96311384712588,2.9654873259788794,92.3664321899414,211.398,0.020090074176540986,0.10381195640165351,5.167325689761459,2.4264313751231477,7.8214641792969655
19,2009-01-01,2009,1,80.8995,1617.99,77.1,44.683,893.66,16.23,11.177861735936318,1055.123,1762.401,4253.453,4.610062200548517,-1.72607775530525,5.58696313316905,0.740836540077761,-0.165574821892232,2.9803599006514325,85.3694763183594,211.933,0.011971099387986437,0.05389708234770502,4.502266717607681,2.4134422302302374,7.842466666527159
20,2009-02-01,2009,2,71.7084210526315,1362.46,68.54,45.5705263157894,865.84,16.23,11.185123373777754,1063.107,1776.695,4263.996,4.618485147148717,1.02274432921238,1.54012314369453,-0.628338594495815,2.5889235694074,2.912919774433242,67.4526748657227,212.705,0.009961214572951934,0.050331263808780224,5.052723585078333,2.399959475317936,7.844402883717009
21,2009-03-01,2009,3,68.8277272727272,1514.21,78.01,44.7954545454545,985.5,16.23,11.182363726888726,1079.743,1802.711,4287.5,4.613539068991741,-0.0255622114552875,8.41984514107485,0.00411139527800153,-0.624858034416367,3.1170359847237536,72.6446228027344,212.495,0.020364363070331945,0.055532287187939226,2.726934645397384,2.3783623664580733,7.85089049836427
22,2009-04-01,2009,4,57.8409523809523,1214.66,52.75,38.0638095238095,799.34,16.23,11.184474313264822,1089.701,1816.047,4288.301,4.6154006756129276,0.0398533159189593,0.858050503003705,0.480934437029336,1.38951155861834,3.1530593122140997,85.6884994506836,212.709,0.0075510387416060625,0.026612973946412075,3.524412316914116,2.361338115147901,7.852887081965131
23,2009-05-01,2009,5,44.363,887.26,41.32,31.978,639.56,16.23,11.178767388613437,1081.199,1831.189,4296.277,4.621071093819756,0.0600376916186834,7.8861197913525,-0.993483456629558,-0.035663825761615,3.32402037706996,89.6808624267578,213.022,0.006381140997010596,0.013356939842759919,2.093189893314896,2.3461679815682595,7.838609240568017
24,2009-06-01,2009,6,45.0263636363636,990.58,42.78,29.1404545454545,641.09,16.23,11.181594489387885,1071.164,1844.416,4310.641,4.630795046826829,0.449321268755404,7.57280283403038,-0.96343667186399,-0.638219534532112,3.479422711916167,81.1095886230469,214.79,0.00347252599976482,0.011255269402080902,3.2412340189369857,2.337130560567681,7.82542510737735
25,2009-07-01,2009,7,46.2413636363636,1017.31,45.72,26.1627272727272,575.58,16.23,11.19333130881419,1069.522,1849.986,4315.145,4.639604462407412,0.276241055762699,-1.88479650997886,-0.678395687033887,0.989533554970785,3.396095734743211,83.4396209716797,214.726,0.0037710488208441938,0.014581276576498306,3.8666369143516195,2.332528462377553,7.8219199548556375
26,2009-08-01,2009,8,45.7309523809523,960.35,47.09,25.3371428571428,532.08,16.23,11.186253052827162,1059.675,1833.718,4330.621,4.647810047187028,0.510993343298656,2.9927108243019,0.306090131520167,-2.10679422300144,3.4959891200290767,73.3718795776367,215.445,0.0021777270696784565,0.010176496706625073,4.672989948243441,2.361661389592075,7.8250828863214785
27,2009-09-01,2009,9,43.9780952380952,923.54,45.23,24.9266666666666,523.46,16.23,11.192894152624543,1060.097,1848.345,4317.215,4.659044546556674,0.268609234326142,0.245041451457037,-0.718339430648894,0.478185281416457,3.471286551285288,92.8399887084961,215.861,0.0019126301719234308,0.012158165827162608,6.356778223850659,2.335719251546654,7.81443556668347
28,2009-10-01,2009,10,41.6831818181818,917.03,41.13,24.2522727272727,533.55,16.23,11.199149214861132,1057.583,1825.172,4266.316,4.663888992892432,-0.270792286385211,4.133890860086,-0.481600842660901,-0.323147959549233,3.5559001790589635,90.5764007568359,216.509,0.0038979726412821845,0.0077231040987461455,1.9813130592434678,2.3374870971064645,7.812817857049142
29,2009-11-01,2009,11,38.602,772.04,41.17,23.789,475.78,16.23,11.198833569699516,1063.042,1813.966,4275.121,4.6731605551374535,0.103993016861065,-3.07052497946927,1.35908143624309,-0.0420571053526138,3.581929014530681,82.1017608642578,217.234,0.002001318808274689,0.006596503703732637,3.2960784041296236,2.356781218611595,7.826186686053452
30,2009-12-01,2009,12,39.5877272727272,870.93,36.26,21.2395454545454,467.27,16.23,11.19469662106267,1051.795,1776.375,4193.137,4.679043130524986,0.0200110438833158,-0.459211471844605,-1.15459672784784,-1.15843178065789,3.531785982994759,92.9469146728516,217.347,0.0009334387773029263,0.005196524046145665,5.567075391018656,2.3605021462247553,7.8171278776169055
31,2010-01-01,2010,1,32.62,619.78,34.05,20.6431578947368,392.22,16.23,11.19694336435495,1063.427,1781.475,4263.352,4.697462179282757,1.60856755176284,-3.60692584774152,1.71733491403683,-0.214509065101228,3.582551878722567,91.5810241699219,217.488,0.0019917007479090714,0.0029392922405324863,1.4757700139532588,2.3931584782273116,7.841866023492143
32,2010-02-01,2010,2,35.4852631578947,674.22,32.82,22.54,428.26,16.23,11.204675856754362,1069.824,1784.671,4249.004,4.696153746733099,-0.541949348239578,-0.878209823165851,-0.161821853738058,-0.0939851952551231,3.560223181290698,80.7253570556641,217.281,0.0023732458407078718,0.008405662901850764,3.541842466410304,2.380833217999284,7.842699945957298
33,2010-03-01,2010,3,31.9465217391304,734.77,29.61,17.7673913043478,408.65,16.23,11.208768422424567,1085.849,1787.051,4229.641,4.710696187952303,1.30948964841707,-1.96468019278236,1.20734071962382,0.117787884171611,3.621055162738231,74.116943359375,217.353,0.0006334070919183107,0.004104235002071576,6.479616433787721,2.36682724779539,7.851667792727845
34,2010-04-01,2010,4,28.377619047619,595.93,30.25,17.4242857142857,365.91,16.23,11.20858622905997,1089.867,1809.901,4272.016,4.7152346208504,-0.198040160268468,-0.406351719160739,0.0189678857319123,-0.677432786678349,3.659932231906123,88.7615814208984,217.403,0.0017938422224870638,0.003747092023603608,2.0888637677445625,2.360358936759524,7.852624648749703
35,2010-05-01,2010,5,40.4045,808.09,40.49,31.9295,638.59,16.23,11.209434961788244,1088.539,1830.399,4302.316,4.723670297817225,0.605210252877,-6.08426842281295,-0.519481256368249,0.478582706618012,3.5258379093073438,88.9587097167969,217.29,0.008106573224450407,0.023468149525343766,2.894953129463012,2.3504798680506274,7.847211215636134
36,2010-06-01,2010,6,39.63,871.86,39.5,29.9163636363636,658.16,16.23,11.210943366107253,1092.088,1841.596,4308.262,4.721719572122832,-0.265048424016206,1.29589096297941,0.107706921625879,-1.3913058880386,3.5465001270629792,96.4536972045898,217.199,0.005591758014174416,0.00779025456072943,1.3931673260863753,2.339417548691461,7.845748726709109
37,2010-07-01,2010,7,34.5038095238095,724.58,31.52,25.565238095238,536.87,16.23,11.214519429155471,1084.195,1855.248,4314.113,4.726373144812811,0.0688832666349298,1.38714377014044,-1.31673101622515,-0.183663862420246,3.558078642229409,79.3813781738281,217.605,0.0033487815592463475,0.006213370515911823,1.8554123062330048,2.325356502203479,7.8324664166862314
38,2010-08-01,2010,8,33.175,729.85,34.51,24.745909090909,544.41,16.23,11.213624554481008,1085.902,1861.877,4342.848,4.7301168349207225,0.0405651801304979,-2.61943249892695,0.242946531441595,-0.586799654444416,3.5624934195196363,80.9938659667969,217.923,0.0027046061076773024,0.0068857906917393135,2.5459495459221544,2.332510686796174,7.837111492432066
39,2010-09-01,2010,9,31.7128571428571,665.97,30.04,22.517619047619,472.87,16.23,11.217747098718348,1089.348,1861.176,4285.949,4.732421147930445,0.0732381723088466,1.27884531568708,-1.02697957244914,-0.389999878597583,3.5410273784044803,71.1685485839844,218.275,0.002337192519755768,0.005774456582107496,2.470680756205276,2.3028176808641416,7.8274680828886005
40,2010-10-01,2010,10,32.3828571428571,680.04,32.12,20.3733333333333,427.84,16.23,11.216302743764711,1094.142,1847.189,4298.066,4.7371997013593745,0.291098273353732,-1.40198952270015,1.86250610869935,-0.904912412674052,3.621437642448449,65.9919357299805,219.035,0.001080066641486692,0.006401245316098999,5.9267132880687825,2.3268144190984246,7.842225903462267
41,2010-11-01,2010,11,31.2471428571428,656.19,31.89,20.0957142857142,422.01,16.23,11.224443072347679,1079.022,1827.192,4274.074,4.742945809110586,0.12008456606615,2.73645314940438,-1.07688034542551,-0.12881428254706,3.645890092892566,94.7051696777344,219.59,0.001737953197537022,0.005832979528758627,3.356235102892851,2.339148814136664,7.833597462851972
42,2010-12-01,2010,12,28.9036363636363,635.88,29.48,17.5695454545454,386.53,16.23,11.223823184500295,1059.975,1794.099,4220.883,4.7546232779779665,0.877530440363321,3.62612994422485,-1.02007853719111,-0.768201981211942,3.6984851902586313,97.2038955688477,220.472,0.0008321339336886769,0.00251043139351532,3.016859776871614,2.3526477635849528,7.821542003727898
43,2011-01-01,2011,1,28.877,577.54,35.18,17.3155,346.31,16.23,11.230383492872724,1071.588,1803.372,4291.109,4.7683964152903755,0.870802852141529,-3.5072009659177,1.44894683446682,-0.0241190872289124,3.699506059216371,79.4216156005859,221.187,0.0008632320155670142,0.006699753054782696,7.76124255584052,2.3794918630210518,7.843783901355523
44,2011-02-01,2011,2,33.71,640.49,39.05,17.43,331.17,16.23,11.227130011732706,1075.009,1773.435,4220.152,4.766740415612418,-0.558980771612208,0.647926785615638,0.428173000246279,-1.76828162583184,3.698084449938265,90.0144882202148,221.898,0.0010655331595409267,0.0029213684198131757,2.741696392697732,2.3796485351873624,7.847037115107178
45,2011-03-01,2011,3,39.8539130434782,916.64,34.62,20.7234782608695,476.64,16.23,11.213470226643858,1086.755,1769.52,4199.031,4.763848600138727,-0.816566851736255,1.48841212601187,0.694091996924341,-2.11936033569038,3.831938451998062,136.888305664062,223.046,0.0023470963801480956,0.006917833022581614,2.947400490705506,2.372977417604774,7.855096931750089
46,2011-04-01,2011,4,31.9625,639.25,30.39,16.244,324.88,16.23,11.212624913321141,1093.083,1779.331,4227.566,4.75884017887532,-1.05877207378277,1.2168151389458,1.08802732747751,-0.167141872041654,3.893952977780772,91.0177688598633,224.093,0.0006365311733694111,0.0049117494863676016,7.716431954727009,2.3759300546104125,7.862146385851124
47,2011-05-01,2011,5,37.6647619047619,790.96,33.51,16.9114285714285,355.14,16.23,11.202512867108803,1094.891,1806.727,4247.551,4.768003066198183,0.557978728376521,-3.22797324770307,-0.986957635593001,-0.570289302890136,3.8083148953935044,105.344917297363,224.806,0.0009342062276087859,0.01670042289631203,17.87659127370494,2.350964478861499,7.85323575441188
48,2011-06-01,2011,6,34.0040909090909,748.09,31.36,19.1531818181818,421.37,16.23,11.213150568164307,1082.294,1808.502,4240.488,4.7706041127501075,0.470913555926822,2.28103588156128,-0.682486808849032,0.326631722988596,3.757296849185471,84.391845703125,224.806,0.002294744140620194,0.008527761570332509,3.716214552803144,2.3447516231665766,7.839017620198693
49,2011-07-01,2011,7,31.963,639.26,33.64,19.2275,384.55,16.23,11.217021417863505,1064.555,1815.653,4242.762,4.773645491008221,0.335724896735305,2.94995032229429,-1.49548034911006,0.0660759567879488,3.763983592929994,78.9247589111328,225.395,0.001830742636249785,0.004116919330934112,2.248770116245003,2.3367691954354712,7.819081440081841
50,2011-08-01,2011,8,47.4708695652173,1091.83,44.33,35.0291304347826,805.67,16.23,11.224025985112009,1043.217,1795.687,4222.633,4.775807918630519,-0.205326777221777,-1.58160652912056,-1.58440139821013,0.974462628941338,3.642343432373135,86.9515686035156,226.106,0.019222218757307574,0.01804745170718459,0.938884940133335,2.3515417776037806,7.80513567566053
51,2011-09-01,2011,9,48.0895238095238,1009.88,55.68,36.53,767.13,16.23,11.215289078990683,1026.138,1780.933,4188.957,4.775191402819204,-0.0514908505961097,4.01364034225362,-1.83493967377651,-2.08957044658743,3.6317991754242147,83.3504486083984,226.597,0.006915851244887037,0.014758324481552247,2.1339852404233297,2.352113751612217,7.788871912257579
52,2011-10-01,2011,10,48.515238095238,1018.82,43.26,32.8290476190476,689.41,16.23,11.22255311028556,1032.926,1769.442,4166.406,4.775327220749151,-0.234051875630949,-1.51372384131734,0.209614243788946,-0.562878533823013,3.6404255068461535,76.3399353027344,226.75,0.007400847041666688,0.01399233686470231,1.8906399207990123,2.354644006415582,7.796540381579841
53,2011-11-01,2011,11,45.5938095238095,957.47,41.0,31.9419047619047,670.78,16.23,11.235618583600775,1032.824,1770.126,4181.203,4.771876772092741,-0.476614595057577,3.45875828227438,0.397522497233747,0.219288703367532,3.7563495389453276,83.1576766967773,227.169,0.0076794319447585245,0.005212929854051782,0.6788171171449453,2.3620934328968675,7.79960035074334
54,2011-12-01,2011,12,39.4,827.4,38.74,25.047619047619,526.0,16.23,11.241009255583354,1026.63,1750.087,4130.52,4.774192905261823,0.0583098993009865,0.512949770338066,-0.858491162556453,0.376066506725818,3.7700052275477294,85.3413238525391,227.223,0.0027640976009737734,0.006497279840443161,2.3505971128350214,2.360179808203821,7.792774678428113
55,2012-01-01,2012,1,34.6975,693.95,32.31,20.228,404.56,16.23,11.24291957753139,1039.424,1772.596,4187.691,4.7819294448059715,0.735123266286428,-1.65100218169281,0.611097617996627,-0.13907103944789,3.7840850903009327,79.6349716186523,227.842,0.0006483549046084328,0.0016269032691521306,2.5092788804222614,2.362462174122022,7.80612636185608
56,2012-02-01,2012,2,33.012,660.24,32.52,18.4205,368.41,16.23,11.247083941840193,1044.434,1767.408,4171.5,4.784033580722946,0.0942027016455062,1.06957621816316,0.437908819580549,-0.0807535488883047,3.801803409599163,92.4458236694336,228.329,0.0006236988445069602,0.00255364563834886,4.094356853214215,2.3602360066266534,7.809992007717351
57,2012-03-01,2012,3,29.8118181818181,655.86,29.0,16.1672727272727,355.68,16.23,11.242955601117018,1069.147,1783.485,4177.453,4.779044003328712,-0.812041162956805,-1.39064993454487,1.59692818308235,-0.0604238157265358,3.837521274960608,88.7599792480469,228.807,0.0011552674120098062,0.003979698192052983,3.4448285744765754,2.3422978045792373,7.8257488285879075
58,2012-04-01,2012,4,27.972,559.44,25.15,17.823,356.46,16.23,11.246933126996177,1078.809,1784.484,4194.016,4.772037158700695,-0.97399835561187,-0.846590235424535,0.578253925098369,1.78207894285029,3.8085596720050425,96.0166854858398,229.187,0.001627547871913761,0.0027816899253346374,1.709129404632364,2.350268200779609,7.838142383468955
59,2012-05-01,2012,5,30.1077272727272,662.37,34.79,21.0018181818181,462.04,16.23,11.237605861331252,1083.886,1795.821,4201.297,4.778002271890729,0.498411662242968,-1.31342934659353,-0.104855866753967,0.310209154894772,3.7234162437410943,78.1711578369141,228.713,0.0014960961686016545,0.005404747705518632,3.6125670387688036,2.33948539414563,7.838238998570126
60,2012-06-01,2012,6,36.6542857142857,769.74,35.0,21.1309523809523,443.75,16.23,11.23515332651607,1083.932,1810.17,4209.652,4.774006733740376,-0.404435117259069,-2.91556639363998,-0.382808705133128,0.582045387027926,3.585235737121928,77.8224334716797,228.524,0.003437222300069148,0.015841423230647123,4.608786353541473,2.3255561632332875,7.83230966983062
61,2012-07-01,2012,7,35.58,747.18,34.53,17.5623809523809,368.81,16.23,11.237727671926725,1068.614,1812.984,4239.98,4.775084784052307,0.36430483027219,2.59492967053853,-0.104830939438622,0.354931284298431,3.6497812235070453,82.8080215454102,228.59,0.0015528378712930094,0.008981605453221528,5.783994336603067,2.3386748035283267,7.823702206361347
62,2012-08-01,2012,8,31.7221739130434,729.61,31.4,15.6895652173913,360.86,16.23,11.238401510211427,1058.374,1800.552,4239.82,4.772096599409674,-0.815169295099122,0.843386667533082,-0.105041955988758,-0.016859215888301,3.7124429253250324,74.8783569335937,229.918,0.0007282855835589766,0.00427810509081349,5.874213615361301,2.3547334373014497,7.82091657807366
63,2012-09-01,2012,9,33.8721052631578,643.57,32.45,15.2847368421052,290.41,16.23,11.231643666995462,1064.912,1819.493,4252.805,4.768627870312197,-0.489090342531069,1.86696467114274,-0.287521165716966,-0.860680184053649,3.713612713645248,69.2805099487305,231.015,0.001044639333525329,0.0031194270239226487,2.986128249063305,2.3373571648805465,7.819668320001777
64,2012-10-01,2012,10,33.2666666666666,698.6,32.18,16.2761904761904,341.8,16.23,11.238295311111965,1071.261,1810.073,4217.816,4.773696762670751,0.274000099499672,-0.948289985696533,-0.325090965677403,0.814856237267801,3.6550148202422568,81.6636657714844,231.638,0.0009255339929409228,0.006527775046257456,7.052982490157038,2.330191102789777,7.822542020816331
65,2012-11-01,2012,11,30.6509523809523,643.67,27.62,16.7019047619047,350.74,16.23,11.245419283476412,1074.36,1810.409,4216.113,4.772341454537215,-0.165106084258579,0.670984396653585,0.0817249655393834,0.0220777782208367,3.6236675502409943,81.3896408081055,231.249,0.0019026506058265182,0.007001503871098476,3.679868416017978,2.3288179632337225,7.824841241368588
66,2012-12-01,2012,12,28.945,578.9,28.45,17.3445,346.89,16.23,11.245916621123463,1060.764,1807.777,4191.891,4.775527624902147,0.262020070718467,1.29893347948565,-1.76744040908777,-0.0824649447705232,3.6419699186782837,74.8315582275391,231.221,0.0010357023878268853,0.001962111808902879,1.8944745440046629,2.318809786826583,7.807798713321512
67,2013-01-01,2013,1,24.1109523809523,506.33,22.54,13.505238095238,283.61,16.23,11.237013848117362,1073.221,1810.83,4233.328,4.779534899698678,0.200322563023117,-2.26773858257441,1.90175028767797,-1.28842922096664,3.7104257910938063,90.6574935913086,231.679,0.0009068035991139624,0.0010542607989416372,1.1626120584123787,2.3377832264762572,7.827622827255784
68,2013-02-01,2013,2,23.3973684210526,444.55,23.61,14.0726315789473,267.38,16.23,11.234264314707467,1081.179,1790.158,4209.652,4.779364316493209,-0.348731960245405,-2.04029462312003,0.667204804215471,-0.727132264815176,3.7116418074799835,81.59033203125,232.937,0.001242743913088656,0.0016190067235097127,1.3027677757728149,2.3515533265778776,7.8408834911816925
69,2013-03-01,2013,3,20.0715,401.43,18.19,13.0315,260.63,16.23,11.236083624321987,1089.098,1793.01,4230.777,4.782063578246483,-0.0124332546300044,-0.77835568853952,0.523672928677669,0.387186503889169,3.6903550183116542,75.8967208862305,232.282,0.000484520021597297,0.0014743404988283037,3.042888700384159,2.359594759649974,7.851595001981893
70,2013-04-01,2013,4,23.6295454545454,519.85,24.57,13.9672727272727,307.28,16.23,11.241741612019391,1092.4,1807.749,4236.699,4.785883606229508,0.106285522267269,1.27994445280474,-1.03627670289582,1.10916035161086,3.68185735465749,95.1078720092773,231.797,0.001682744949500379,0.0047111763577067315,2.799697220369325,2.3436323294882198,7.84783439299074
71,2013-05-01,2013,5,23.880909090909,525.38,24.41,13.4936363636363,296.86,16.23,11.241105324286725,1088.008,1816.763,4209.91,4.786595519584178,-0.0755878628209779,3.83062421968359,-1.1227467633099,-0.293446768588776,3.710663536867923,83.7173156738281,231.893,0.0010155580575937893,0.003551030352397486,3.496629587885023,2.3172587728834197,7.8324887039995374
72,2013-06-01,2013,6,22.8365,456.73,22.37,17.2715,345.43,16.23,11.240778758055523,1073.405,1818.914,4235.949,4.782316175997581,-0.930385004178226,0.0808415048241562,-1.09224554875779,0.57360064203193,3.718779233061807,82.9730072021484,232.445,0.002247679939952264,0.0026809395950546902,1.1927586073983594,2.3288341284964544,7.823958886140539
73,2013-07-01,2013,7,24.0454545454545,529.0,22.95,13.9745454545454,307.44,16.23,11.247207081730133,1063.852,1817.76,4250.207,4.7880065680402195,0.494730826693423,2.22282080551451,-0.439783034809175,0.180349952047515,3.8048001584534656,73.9758148193359,232.9,0.0005020654882687245,0.0035764480016623173,7.123469119526628,2.3381563022621252,7.819014276275369
74,2013-08-01,2013,8,23.9986363636363,527.97,28.1,14.21,312.62,16.23,11.244090530800612,1061.699,1822.796,4249.766,4.792658222487078,0.160993243297871,1.03382219082187,-0.939284174156472,-1.20351689910554,3.8209786096992895,90.9567489624023,233.456,0.0009504246939898423,0.003970317340040888,4.177413913114636,2.331454534681884,7.814118070751407
75,2013-09-01,2013,9,24.269,485.38,22.98,14.692,293.84,16.23,11.237201607213114,1068.987,1833.373,4278.555,4.795781645276819,0.202455928820729,-2.54183310947398,0.722945046387218,-0.982656612812695,3.817970897345784,100.459327697754,233.544,0.0006222207739745217,0.0031216220321979935,5.016904228796797,2.3337067797987645,7.8219246461190615
76,2013-10-01,2013,10,21.6160869565217,497.17,20.59,15.4078260869565,354.38,16.23,11.241915372815209,1077.631,1810.003,4240.652,4.794273191633327,-0.463270103884909,-4.31159394387668,1.01502816816978,0.232156651610179,3.7618202602012327,72.9531173706055,233.669,0.00143836761477042,0.0028816064956245797,2.0033866627930976,2.3428977742025845,7.83390892058605
77,2013-11-01,2013,11,19.966,399.32,20.0,12.924,258.48,16.23,11.245612917921056,1069.594,1789.366,4198.258,4.799033197805862,0.257597264984602,-0.67596540900682,-0.935600780281104,0.582762588363029,3.6912261218574978,77.7790222167969,234.1,0.0006443994344477952,0.002181484242318588,3.3852981950363845,2.3462265405735887,7.827842726376923
78,2013-12-01,2013,12,17.4728571428571,366.93,17.76,14.1923809523809,298.04,16.23,11.250087278219311,1053.032,1761.373,4156.551,4.797731398932356,-0.193645644183507,3.61299073365566,-0.727804765353792,-0.0936196314498248,3.72796595523544,70.3724899291992,234.719,0.0007455179089284911,0.001740364750199236,2.3344372138566145,2.3598357644860006,7.81802092633239
79,2014-01-01,2014,1,19.57,410.97,20.35,14.2409523809523,299.06,16.23,11.254904196030177,1063.362,1749.099,4168.215,4.806434346958684,0.708108914720689,-4.60617963685996,1.50195057795567,0.431784249206975,3.6942287604832877,77.9159698486328,235.288,0.0013035884817311455,0.0021876885815086834,1.6782049029794024,2.383064080420834,7.837577954400884
80,2014-02-01,2014,2,19.04,361.76,18.71,15.47,293.93,16.23,11.261402500661482,1072.612,1750.824,4173.953,4.812135009189947,0.309530953084411,2.13140761196756,0.559853453018824,-0.250835470244412,3.756596465727069,69.0035247802734,235.547,0.0012535629388028447,0.0010403735567369855,0.8299332443016739,2.3839934796415863,7.846629088403976
81,2014-03-01,2014,3,20.0314285714285,420.66,19.26,14.8366666666666,311.57,16.23,11.253894857687834,1082.585,1758.99,4179.398,4.8106272186902785,-0.673306241387519,-1.79218828904214,-0.00240444113930555,-0.427665040707598,3.7543580995696035,119.838554382324,236.028,0.000869032534954219,0.0026942611203190844,3.100299484714941,2.3760214668645077,7.852534415069131
82,2014-04-01,2014,4,18.8123809523809,395.06,19.37,14.1980952380952,298.16,16.23,11.25476335905444,1090.435,1786.597,4191.043,4.814487284280901,0.0428345873223003,1.08270475762603,-0.968048073241955,0.48738600682106,3.7650161461801797,93.2215423583984,236.468,0.0013626967323297871,0.0022576354442898953,1.6567409246150033,2.345824492037096,7.846968914034096
83,2014-05-01,2014,5,16.6780952380952,350.24,15.61,12.475238095238,261.98,16.23,11.250888396968135,1088.004,1815.789,4256.152,4.8121508008180225,-0.585611129724144,0.540432873865841,0.445369806557519,0.178587114947983,3.7641920601856835,83.4288558959961,236.918,0.0005552057857919066,0.0012078607843012702,2.1755190871767707,2.343968379585954,7.8439454855657615
84,2014-06-01,2014,6,16.8342857142857,353.52,16.52,11.5414285714285,242.37,16.23,11.256141103846291,1076.983,1819.11,4243.977,4.81401784822673,0.00735703360840206,3.08785522189589,-1.2560476243187,-0.117353717428458,3.7975918330029184,98.7671051025391,237.231,0.0002820001590169029,0.0010290950987589008,3.649271342067639,2.3329963553605886,7.829072323271576
85,2014-07-01,2014,7,16.8690909090909,371.12,18.78,12.2963636363636,270.52,16.23,11.259536987335172,1061.452,1822.381,4259.227,4.8158654555732925,0.0191455319631272,0.437077981090899,-1.31430043400484,0.316532299334813,3.775451783671495,138.753952026367,237.498,0.0009491182352865607,0.005831934292734002,6.144581439817355,2.337177022806976,7.816336861664104
86,2014-08-01,2014,8,17.9319047619047,376.57,16.68,13.4919047619047,283.33,16.23,11.261674963217407,1053.499,1827.108,4304.105,4.806136115398133,-1.08115898109813,-0.229068301151498,-0.379456484853002,0.00765207630331205,3.705128427982792,136.445587158203,237.46,0.0005462022621860844,0.0033254227320556524,6.08826246662948,2.3556927121987314,7.816707113550346
87,2014-09-01,2014,9,19.6314285714285,412.26,21.52,13.4666666666666,282.8,16.23,11.272991744348545,1054.294,1839.724,4279.555,4.816125599851411,0.921611732734934,0.70114684624408,-0.783953880765826,1.15065860210327,3.6699544213812234,131.556655883789,237.477,0.0007210236864870622,0.004669237531046869,6.475844855799551,2.3261940378013226,7.804860099442774
88,2014-10-01,2014,10,29.371304347826,675.54,30.52,18.0586956521739,415.35,16.23,11.282388272933487,1073.953,1833.965,4256.316,4.809362708148619,-0.890449609511644,-3.13510067837004,1.22034400180746,1.21686032266951,3.570864744400852,83.661003112793,237.43,0.0029439996670369193,0.00605279901553332,2.0559781590007273,2.320827278601282,7.8210252201931905
89,2014-11-01,2014,11,33.1573684210526,629.99,36.44,13.4131578947368,254.85,16.23,11.2834989672202,1047.692,1812.12,4262.832,4.81660492855181,0.926395659760852,-2.6189729712535,-0.38856860256374,0.396456535368718,3.4651481352074205,84.3800506591797,236.983,0.00015025452727171883,0.005228248772175635,34.795948362480424,2.352400503277929,7.809781226102134
90,2014-12-01,2014,12,47.805909090909,1051.73,50.24,16.2922727272727,358.43,16.23,11.29365253811503,1051.824,1827.038,4266.531,4.818874308094199,-0.051394996797089,-7.71268149803179,-1.13805912963864,2.75868193059399,3.222711811760883,86.5262222290039,236.252,0.0019928443050824503,0.016473434445880453,8.266292757476052,2.3352174393745506,7.806386087494269
91,2015-01-01,2015,1,55.1705,1103.41,58.62,19.1195,382.39,16.23,11.286383144377714,1080.169,1850.359,4297.883,4.824413310900799,0.927091035984485,-9.82409071069172,0.701675906785232,0.292842683807621,3.0014793791914607,111.985694885254,234.747,0.0022266237352044273,0.02534355734346456,11.38205658314235,2.3227292649696625,7.8276156909256525
92,2015-02-01,2015,2,57.7994736842105,1098.19,55.85,15.9042105263157,302.18,16.23,11.283800057978448,1106.266,1850.437,4294.316,4.821708293206341,-0.165680954248168,1.94226795860644,1.9021185288413,-0.991603940054476,3.0676866518874153,111.924697875977,235.342,0.0008135422421107157,0.03247669435990116,39.92010823634819,2.3207037040439635,7.850616119888781
93,2015-03-01,2015,3,51.5304545454545,1133.67,53.72,14.8127272727272,325.88,16.23,11.295046904236694,1134.15,1883.297,4352.484,4.821348667465652,-0.759866166956439,-3.73650913854836,1.13963871260912,2.86034795914512,3.0088840430791928,104.23526763916,235.976,0.0017203727396693622,0.01703898542364814,9.904240535061522,2.3110980371125747,7.871361503008843
94,2015-04-01,2015,4,42.7623809523809,898.01,36.28,13.4947619047619,283.39,16.23,11.289992016582852,1143.66,1908.969,4382.629,4.82078513593219,-0.394129243088807,4.59916031574717,-0.473990240641297,0.072560180670496,3.137680994535602,102.190490722656,236.222,0.0005743441714406714,0.015322723849230675,26.678644288833844,2.2958094133534908,7.8730743918596895
95,2015-05-01,2015,5,34.1805,683.61,33.74,13.3385,266.77,16.23,11.28947874270435,1141.306,1930.787,4448.66,4.818250209812231,-0.841408677052787,3.66386770637814,0.492564046236281,-0.00872792318616,3.219209101252326,76.2623291015625,237.001,0.000887000873633741,0.0076582799518535504,8.633903505055391,2.304065647842046,7.874603735123347
96,2015-06-01,2015,6,32.5436363636363,715.96,32.43,14.3395454545454,315.47,16.23,11.294742215990105,1132.701,1941.278,4444.813,4.822980269190359,-0.0124926544807731,0.658377997106445,-0.791922549032325,1.27145883295406,3.225681781482666,85.9059677124023,237.657,0.0010521623056187004,0.006049133626282137,5.749240011715759,2.289632396802519,7.860751604319392
97,2015-07-01,2015,7,38.1122727272727,838.47,38.82,14.3522727272727,315.75,16.23,11.30126263227416,1119.943,1939.312,4450.449,4.820880246719682,-0.487773994662701,-3.62122619429476,-0.588525623334669,1.37122833672543,3.0626195889333463,106.808662414551,238.034,0.0011597814218022398,0.007254527937337133,6.255082036116749,2.2948597234483157,7.85170478910088
98,2015-08-01,2015,8,43.9485714285714,922.92,54.37,19.4280952380952,407.99,16.23,11.299385649798714,1120.983,1958.37,4509.434,4.824234191530152,0.508197247043163,-5.00795182565095,-0.662842088950244,0.812680975133843,2.8909331470760975,82.4785308837891,238.033,0.005846949589920121,0.03391460528791574,5.800392968392099,2.3026465887447216,7.85602041008245
99,2015-09-01,2015,9,49.6028571428571,1041.66,45.52,24.3771428571428,511.92,16.23,11.296744369411142,1124.257,1967.709,4513.578,4.823272640420854,-0.0399990833799904,1.26036619614502,0.0388547545808734,-0.655021591834837,2.9522836524838194,98.7674560546875,237.498,0.00405349447027715,0.02083538023204067,5.14010328244412,2.2938239343317535,7.855097917257017
100,2015-10-01,2015,10,42.8231818181818,942.11,41.95,16.7895454545454,369.37,16.23,11.298478364670915,1150.339,1975.254,4516.152,4.826542980395744,-0.117362222724423,-1.59423727909639,1.68481916541156,-0.0170291395280265,2.9674345956456727,91.931884765625,237.733,0.0016189099225517693,0.013483358355126531,8.32866496603696,2.2863651965772505,7.874775266672872
101,2015-11-01,2015,11,44.0395,880.79,48.14,16.21,324.2,16.23,11.305786774833516,1151.117,1989.222,4534.633,4.822786398571936,-0.873142749772965,-0.560542111003059,-1.06845818701197,1.20404729811973,2.8809194000418694,150.715881347656,238.017,0.0011187573249243402,0.009754854705885396,8.71936611145326,2.2796012712507703,7.8724886009368
102,2015-12-01,2015,12,49.0318181818181,1078.7,46.57,18.0254545454545,396.56,16.23,11.307700905278784,1144.339,1982.022,4556.195,4.820384455388081,-0.531001235685601,-4.7012882711628,-0.448645622211811,1.04501651742124,2.7499441264825824,148.236877441406,237.761,0.0028384825284703636,0.01614012040912638,5.686179233882466,2.2987610631970785,7.874952766340501
103,2016-01-01,2016,1,60.9142105263157,1157.37,61.86,23.7178947368421,450.64,16.23,11.307948767529533,1166.883,2013.657,4618.328,4.831171127261331,1.10546829916088,-8.38338535464542,0.657402925709744,1.2322703204811,2.5900483341722813,118.211143493652,237.652,0.00430131577971563,0.04806651818157408,11.174840593719876,2.293502816020802,7.892171633072223
104,2016-02-01,2016,2,67.7465,1354.93,60.01,22.517,450.34,16.23,11.298556553655464,1187.267,2017.956,4622.895,4.828537547662702,0.0296397695014522,-1.25193652910167,0.900036841165406,-1.33681123796059,2.547500888126463,103.749649047852,237.336,0.0026015427143405026,0.04890847869571017,18.79979845270716,2.290879979543657,7.908345320426891
105,2016-03-01,2016,3,48.7936363636363,1073.46,45.91,15.8490909090909,348.68,16.23,11.298205708658864,1199.923,2024.345,4615.852,4.830557013546471,-0.105049907531991,6.78112526768351,-0.0363449382650752,-0.481863373372437,2.7582368125535077,109.720291137695,238.08,0.0012741565867467899,0.025018069146992554,19.63500358371913,2.2801706230904317,7.914262941905816
106,2016-04-01,2016,4,46.1747619047619,969.67,42.52,14.3004761904761,300.31,16.23,11.28700618989668,1204.43,2035.178,4623.848,4.832392011654261,-0.85672348614705,-0.135607860800855,-0.469320652795334,-0.0289065136307181,2.8361959471070266,85.2214508056641,238.992,0.0008177576585407949,0.02757825493589055,33.72423926313467,2.2719624524243085,7.914405679466229
107,2016-05-01,2016,5,41.367619047619,868.72,38.08,14.8528571428571,311.91,16.23,11.277088441328194,1206.965,2050.532,4649.289,4.831892922328188,-0.474822166656483,3.72721320223978,0.289104986741198,-1.99063853200799,2.970337076143017,88.3324203491211,239.557,0.000995574762373554,0.006256422129374594,6.284231346381894,2.267357446750404,7.9144792561671915
108,2016-06-01,2016,6,39.7240909090909,873.93,38.09,17.7745454545454,391.04,16.23,11.288398206775051,1195.957,2049.443,4653.07,4.838793239717732,0.188699677855834,1.78250021005117,0.218981288592468,0.18344223020373,3.010516994808036,90.1681289672852,240.222,0.0028644233314232275,0.014184675756465436,4.952017950998042,2.2704071301324307,7.906661148579813
109,2016-07-01,2016,7,39.989,799.78,41.08,13.1585,263.17,16.23,11.297346976274822,1188.554,2066.491,4707.305,4.8339138382937135,-0.846688901143127,-2.18775441594632,-0.00929281925886175,0.878633707082763,2.9229648251607867,114.610450744629,240.101,0.00047766293960490214,0.009105239687290132,19.062060152335686,2.2779218491636306,7.903756278851111
110,2016-08-01,2016,8,38.9734782608695,896.39,39.5,12.3995652173913,285.19,16.23,11.290581593826584,1181.768,2066.35,4692.035,4.836863086440013,0.350713330741888,2.41257155045115,-0.762213694937048,-0.732910764935671,2.9226838326049367,98.7384872436523,240.545,0.0002791636035188028,0.013349226789772543,47.81865050281678,2.2706874440438454,7.894849525638062
111,2016-09-01,2016,9,41.0047619047619,861.1,39.31,14.2195238095238,298.61,16.23,11.294670694071435,1166.627,2051.217,4664.859,4.835976185870781,-0.496450085812622,2.35154914952771,-1.15745414934537,0.102173587629962,2.9302977396131813,104.545227050781,241.176,0.0016731134800319846,0.015267910336195276,9.125448165000382,2.2741908827783703,7.883496291452134
112,2016-10-01,2016,10,36.0471428571428,756.99,40.96,14.585238095238,306.29,16.23,11.309235950789942,1186.29,2053.013,4652.637,4.842879443351815,0.590679006048606,2.80350803989624,1.54388320556039,0.474430134710511,3.024916577829015,85.7477874755859,241.741,0.00036405226768728685,0.006120724835764621,16.812763932629018,2.2662481922910374,7.89671175448191
113,2016-11-01,2016,11,46.2761904761904,971.8,44.25,15.2361904761904,319.96,16.23,11.322151567575256,1185.818,2056.225,4641.477,4.843582036902492,-0.485178220197353,-1.20186705116688,-0.744376526047955,1.40790152936106,2.937347668687576,82.9187545776367,242.026,0.0009463752669555816,0.017492075310147258,18.48323378781649,2.257280696421841,7.892348967931651
114,2016-12-01,2016,12,32.4157142857142,680.73,30.83,12.4723809523809,261.92,16.23,11.315577576199631,1179.704,2029.572,4591.98,4.843312883958445,0.0487175509239598,8.21706596752504,-0.345472350954683,-2.00363920161264,3.0642703157005946,102.180465698242,242.637,0.0005240222742647468,0.005823681012502385,11.113422651114524,2.262536140624723,7.889505208755746
115,2017-01-01,2017,1,31.2825,625.65,31.33,11.6085,232.17,16.23,11.304271801349403,1201.876,2052.687,4666.918,4.8509028900956235,0.00876258382622652,-6.57322047398993,1.95936999220258,-0.501765523855419,3.0703819308541633,105.201232910156,243.618,0.0003355732463007247,0.005124030470007495,15.269484461271933,2.2735653316847624,7.912988178417029
116,2017-02-01,2017,2,27.4026315789473,520.65,25.46,11.5305263157894,219.08,16.23,11.304462745944267,1220.244,2049.111,4659.305,4.854633863305593,0.222743954621633,-0.926324507313626,1.06544011637513,-0.822701175727743,3.0870981197939282,114.206359863281,244.006,0.00022391165894368258,0.0021388301960653063,9.55211625046848,2.2738177678027207,7.9282663725572275
117,2017-03-01,2017,3,29.2473913043478,672.69,27.59,11.8978260869565,273.65,16.23,11.294476377398093,1230.105,2030.437,4626.68,4.859933184789539,0.446017560850891,-5.60951860627303,0.488566082717054,-0.0897730630689816,3.0069770968778093,96.6358795166016,243.892,0.0005753055762740506,0.007324325324513192,12.731191260041257,2.2786621796194613,7.938443318005248
118,2017-04-01,2017,4,27.9626315789473,531.29,28.55,13.1363157894736,249.59,16.23,11.289056650716423,1213.073,2028.35,4642.813,4.861954058500876,0.226289018382613,3.88811769060649,-1.04389995354044,-0.674894750621839,3.0402127015643394,119.459922790527,244.193,0.00039054966300500524,0.002730052804935459,6.99028334560481,2.2889604851233765,7.929009866380113
119,2017-05-01,2017,5,32.4740909090909,714.43,32.29,10.8622727272727,238.97,16.23,11.296325333712295,1201.286,2033.956,4645.898,4.86373543153265,-0.184103014959289,0.885705467572928,-1.01509087520177,1.44517211781816,2.9891369091476965,102.579963684082,244.004,0.0005030982202724586,0.008947554367472847,17.784905624645614,2.2841683890900297,7.917149943215166
120,2017-06-01,2017,6,31.9554545454545,703.02,28.7,10.5136363636363,231.3,16.23,11.303126107548104,1180.731,2009.883,4605.559,4.863520800939086,-0.306358170395403,-1.02832320608669,-1.40864623380126,0.714946615109034,2.91798866198244,126.789016723633,244.163,0.00044756239951991523,0.00658459990340397,14.71213826377516,2.29145626884749,7.903076557891744
121,2017-07-01,2017,7,30.8605,617.21,30.84,10.2645,205.29,16.23,11.30947889811729,1162.294,1998.459,4608.688,4.862419179561386,-0.0579467246518369,2.94256514142341,-0.961789607036325,-0.524540838368962,2.9492506654568063,102.813461303711,244.243,0.0002588434885558126,0.004230727277854197,16.34473133343648,2.306120866127351,7.893717751689822
122,2017-08-01,2017,8,29.1347826086956,670.1,29.1,11.975652173913,275.44,16.23,11.301959835841735,1138.781,1987.216,4586.199,4.868906465587713,0.393282245311265,4.28405612222091,-2.15470595388625,-1.33541197363584,2.975199312699572,138.531616210937,245.183,0.0007533768067924228,0.00656994875528063,8.7206676606529,2.3078512854163815,7.874030583210573
123,2017-09-01,2017,9,27.576,551.52,26.83,10.438,208.76,16.23,11.304556603404663,1143.228,1977.78,4542.484,4.871095680140094,-0.155791418360811,0.308430627492951,0.0566527262707836,-0.942545607991173,3.006488428795716,115.534446716309,246.435,0.00025724798941574665,0.0035569056605328307,13.826757863535338,2.2967589924056266,7.873110114403725
124,2017-10-01,2017,10,26.145,575.19,25.31,10.1254545454545,222.76,16.23,11.306383221211485,1128.682,1941.2,4489.617,4.871787939367296,-0.187365281578617,1.54222245334463,-1.31184391617422,-0.797082286274296,3.040431167367755,91.4615707397461,246.626,0.0002181535011901774,0.004258929380828254,19.52262676323261,2.312804966000412,7.867266918182916
125,2017-11-01,2017,11,27.6661904761904,580.99,25.95,10.5404761904761,221.35,16.23,11.314580496241128,1114.332,1923.312,4463.039,4.8810657807895375,0.598386123455561,4.41256157973786,-0.514602014165799,-1.05582553457277,3.1313481616857013,92.5960159301758,247.284,0.00035533543658553744,0.0031251369394866765,8.794892424793057,2.3204966224928665,7.857791625410892
126,2017-12-01,2017,12,21.587,431.74,21.32,10.2645,205.29,16.23,11.311186321142577,1084.477,1894.57,4416.668,4.882527545638019,-0.240714481424972,2.91337526087741,-2.43897441910995,-1.58901373839829,3.150899941197346,82.7182540893555,247.805,0.00024411295493878126,0.0026024119668931656,10.660687662175896,2.3312244994906495,7.835246787905989
127,2018-01-01,2018,1,22.9947619047619,482.89,22.23,11.0623809523809,232.31,16.23,11.31717672567331,1084.994,1882.606,4436.961,4.886365647878155,0.247977509869059,-0.850812300176309,1.14634430727221,-0.549637083908078,3.2424682775503526,92.4267883300781,248.859,0.0007742634563093505,0.0021486383806368315,2.775073992099094,2.356818686437842,7.84664243143311
128,2018-02-01,2018,2,26.6942105263157,507.19,26.92,22.4647368421052,426.83,16.23,11.318696576445449,1089.301,1879.022,4419.867,4.88984513991926,-0.100239295631739,-2.06871677697888,-0.509309429041351,-0.378462703571008,3.2164322436671844,64.4913711547852,249.529,0.005361661482903389,0.004703879582138676,0.877317525013064,2.3522167382819363,7.848649661529572
129,2018-03-01,2018,3,26.0014285714285,546.03,25.07,19.0238095238095,399.5,16.23,11.316509040583675,1090.395,1864.084,4378.352,4.886186377367999,-0.473910965995216,0.0695287873658371,-0.207059792171153,-0.492304187360419,3.224242503283204,111.962295532227,249.577,0.0032467440732917275,0.005207089601463557,1.6037881286356899,2.3487954405488165,7.8481979131515285
130,2018-04-01,2018,4,27.7057142857142,581.82,28.28,18.267619047619,383.62,16.23,11.312068463265257,1100.544,1867.696,4383.371,4.89153533989879,0.41106468065234,1.43405995324525,1.03905290605589,-0.468994505700733,3.2762371449748087,123.263473510742,250.227,0.002362677156709357,0.003925245166396426,1.6613548555501132,2.3469402943519717,7.856672359404787
131,2018-05-01,2018,5,26.6790909090909,586.94,27.61,14.1245454545454,310.74,16.23,11.308918755640846,1094.364,1873.069,4384.309,4.889621125145199,-0.646053386561868,2.2017784734256,-0.229071721131751,-0.802267416646567,3.328755762604252,125.666618347168,250.792,0.0009227112682870908,0.005961952048173326,6.461340890787013,2.3407087512526235,7.848382420250257
132,2018-06-01,2018,6,27.5242857142857,578.01,27.18,13.6780952380952,287.24,16.23,11.317275477964941,1075.167,1869.206,4373.039,4.888127197907553,-0.477839061447918,1.91751457907071,-1.31742653528896,0.354772104308694,3.297239646995829,103.968589782715,251.018,0.0006228670565062638,0.014675054576756899,23.5604924413101,2.3395168857793096,7.830175726318923
133,2018-07-01,2018,7,27.1190476190476,569.5,26.52,13.147619047619,276.1,16.23,11.322586413790653,1069.654,1874.625,4397.398,4.890948354031208,0.128630060005149,-0.28292220111822,0.0108352934362025,0.709210043124562,3.341263167681319,110.028427124023,251.214,0.0006544299866532812,0.01101639207203119,16.833568596647613,2.3457480829499233,7.827694873620105
134,2018-08-01,2018,8,25.2873913043478,581.61,25.02,12.5469565217391,288.58,16.23,11.331806744478554,1067.594,1891.869,4421.551,4.894810242030483,0.44568709792284,0.866507365046615,-0.360178121079429,-0.118574071662543,3.2974689641224963,112.741683959961,251.663,0.00047127250507354013,0.004069619117082585,8.635384142445437,2.3371338078905044,7.82208810761445
135,2018-09-01,2018,9,26.5384210526315,504.23,26.73,12.9105263157894,245.3,16.23,11.330968841579978,1076.693,1931.197,4422.895,4.891426590154896,-0.387659550758663,2.70841548144004,-0.890313702349927,-0.456577660968278,3.3267947071023407,75.0539093017578,252.182,0.00023007400996416112,0.004168073070505227,18.116227344211943,2.2902350200419743,7.810304026593289
136,2018-10-01,2018,10,28.6639130434782,659.27,30.12,19.3521739130434,445.1,16.23,11.344250094005142,1088.648,1915.062,4408.5,4.897316373066495,0.285818494679895,-1.69906887134256,1.47830847462397,1.31102121019123,3.3318348258666926,92.0164794921875,252.772,0.00457759382695213,0.006893692428686077,1.5059642006892648,2.3020142428809094,7.826476335816214
137,2018-11-01,2018,11,45.3228571428571,951.78,56.04,19.3890476190476,407.17,16.23,11.345825470162298,1098.946,1907.339,4395.891,4.891725230467463,-0.823530995448183,-9.65577549934988,0.265837389146606,1.30174107646087,3.1157359964266482,80.407585144043,252.594,0.0028373362910226263,0.012855322513274882,4.530771538766593,2.304724540315067,7.8370679816396125
138,2018-12-01,2018,12,48.8342105263157,927.85,51.87,24.9531578947368,474.11,16.23,11.342987197775699,1091.64,1908.077,4408.059,4.892788730142596,0.651348503786231,-4.99154730256659,-0.830125285156823,0.67753714660646,2.9750786985872364,90.607666015625,252.767,0.006793096972671234,0.017694643720573534,2.6047977515644845,2.3102102273650384,7.832774959532073
139,2019-01-01,2019,1,41.4214285714285,869.85,34.97,19.5723809523809,411.02,16.23,11.325253902382993,1098.111,1914.152,4421.625,4.893518425349886,0.413983257219147,8.02851441762562,0.292384002305166,-3.13314404709229,3.012144935104117,87.4241027832031,252.718,0.003011398743676156,0.00943040964218137,3.1315712215079246,2.3099654572886585,7.8385792807233114
140,2019-02-01,2019,2,32.0394736842105,608.75,30.27,15.2305263157894,289.38,16.23,11.32181035799428,1100.786,1897.44,4423.84,4.893862825459727,-0.74708093332786,-1.00874899444179,1.11981265830316,-0.502560075156937,3.0769324600682824,96.800163269043,253.322,0.0005324034146418707,0.0045510914801535395,8.548201147836178,2.3314782022092926,7.850282237041335
141,2019-03-01,2019,3,28.4590476190476,597.64,26.75,14.485238095238,304.19,16.23,11.32090126944488,1108.016,1894.336,4418.891,4.899377891713309,0.00133114437830895,-1.33657996344748,0.284381701081329,-0.0306609204377132,3.1300668384077484,82.3282928466797,254.202,0.001107062615014461,0.0035507644940519036,3.207374583781353,2.3326859648974625,7.85734668591341
142,2019-04-01,2019,4,26.007619047619,546.16,29.31,12.9490476190476,271.93,16.23,11.318115815527877,1118.39,1912.22,4426.508,4.898063929854704,-0.33712512160143,2.24270086417476,-0.191421532023508,-1.08507881524419,3.2197727192847436,79.2534484863281,255.211,0.0003744381068250442,0.003142069852242638,8.391426500056435,2.314852893495518,7.858991570687585
143,2019-05-01,2019,5,32.4622727272727,714.17,46.91,16.7218181818181,367.88,16.23,11.308795381608643,1125.943,1951.942,4467.023,4.901332336041664,-0.131882722288753,-1.17525280313727,0.0753695001979933,-0.37326010157316,3.170853120444803,106.471900939941,255.29,0.0018316325274849929,0.010851400153218217,5.924441715456009,2.288501912454366,7.854273602540199
144,2019-06-01,2019,6,41.5665,831.33,39.46,15.836,316.72,16.23,11.310966061702988,1108.264,1948.984,4468.672,4.893447541215263,-0.832505937480403,-3.78245253881939,-0.655422347871069,1.06353325332238,3.0644154862315167,106.588455200195,255.159,0.0010648153532717601,0.01078506201808617,10.128574860371709,2.2928212853466214,7.840333167682924
145,2019-07-01,2019,7,32.8004545454545,721.61,30.77,13.305909090909,292.73,16.23,11.304899071459872,1086.406,1953.893,4482.531,4.894935362439026,0.433117829482998,4.98264506391458,-1.8363896135485,-1.52686620010612,3.110396811482153,93.5212554931641,255.685,0.0005935416069057558,0.008364756931063146,14.092957989365225,2.294153774029591,7.82099432922023
146,2019-08-01,2019,8,34.5686363636363,760.51,32.16,18.9790909090909,417.54,16.23,11.317971453643004,1074.936,1945.503,4509.094,4.894227873934738,-0.421046483380094,-3.4834495382046,0.0391222512148153,1.194903586777,3.0636349583703963,103.404418945312,256.059,0.004325288307002469,0.019408067058111992,4.48711523499858,2.317700872216594,7.820592094860589
147,2019-09-01,2019,9,37.761,755.22,38.75,15.559,311.18,16.23,11.297443116552865,1070.432,1943.205,4468.762,4.893290326898635,0.0143964570760133,3.36450229170967,-1.29738116815822,-2.72438143981151,3.10017232719974,90.3679885864258,256.511,0.000605424164923132,0.03299197954532085,54.49399190980375,2.2996863429231604,7.808590325286731
148,2019-10-01,2019,10,37.7195652173913,867.55,35.84,15.4665217391304,355.73,16.23,11.320273290623284,1084.52,1926.722,4415.133,4.892700296056369,-0.432254541664728,-2.88991529531296,0.51359035866061,2.00264164904006,3.0433881665006473,97.8367309570312,257.244,0.0015103066920866912,0.004200582011087501,2.7812774935690934,2.291525710507276,7.818110616625619
149,2019-11-01,2019,11,33.1425,662.85,36.73,12.5235,250.47,16.23,11.331480084221914,1080.854,1918.205,4419.902,4.894221653969276,0.00740684054328307,4.41676464493293,-0.433014147102534,0.732415033434987,3.096551903791309,73.0783843994141,257.803,0.0003063616276283154,0.0057191293643778125,18.667903707955176,2.3041864659929465,7.820234419367682
150,2019-12-01,2019,12,27.9309523809523,586.55,28.3,13.7566666666666,288.89,16.23,11.330812166489006,1067.739,1916.847,4406.867,4.895659162639065,-0.152913464582062,2.65870426826,-1.17615619961833,-0.210216030960447,3.1421684094993356,74.2798919677734,258.616,0.0005023732843533169,0.004207000580642287,8.374252197860748,2.299018648854082,7.805780965103924
151,2020-01-01,2020,1,33.0095238095238,693.2,40.35,13.9409523809523,292.76,16.23,11.326945223343973,1075.22,1934.86,4431.906,4.847846203307955,-4.60620245591577,0.930745037705759,0.0896911772206954,0.106012142932157,3.100331990761598,138.420944213867,259.037,0.0011190227613659567,0.00657848388645531,5.878775761830936,2.2905564226869126,7.809075338177074
152,2020-02-01,2020,2,38.8331578947368,737.83,51.25,19.628947368421,372.95,16.23,11.315941498496738,1087.53,1917.68,4416.848,4.853324815001269,0.615064966383859,-6.9532301943148,-0.183134128021825,1.80740611458114,2.9701501554294945,75.9555587768555,259.248,0.0047766373620181015,0.00967114532451507,2.024676480868346,2.3032247298819404,7.825974546231321
153,2020-03-01,2020,3,126.244545454545,2777.38,170.55,57.7368181818181,1270.21,16.23,11.318383097333058,1118.308,1961.689,4505.324,4.849676345126619,0.00877010659543628,-20.9699239211353,0.642460088941834,3.40607581090525,2.426241212771958,81.5400314331055,258.124,0.07315317865294685,0.5681867244430334,7.767081826185895,2.2966555860791384,7.851026079430853
154,2020-04-01,2020,4,163.65238095238,3436.7,104.98,41.4538095238095,870.53,16.23,11.321570509612178,1166.861,2041.425,4666.051,4.758205297539088,-7.04478233149636,-8.80856887178665,2.37748306625208,2.8423889625511,1.8660195328913292,69.3394012451172,256.092,0.014307549907790209,11.251980749973606,786.4365892476882,2.285683284960261,7.888737526629093
155,2020-05-01,2020,5,87.701,1754.02,69.23,30.897,617.94,16.23,11.175842201710255,1169.919,2080.564,4766.828,4.7680588133831066,2.16067129146932,7.6248906677924,-0.3537578323373,-10.7465361383211,2.412515636960197,68.5072174072266,255.868,0.004070235213951201,0.07932736097640503,19.489625735756338,2.291122983960119,7.89373187800102
156,2020-06-01,2020,6,63.785909090909,1403.29,57.66,31.1195454545454,684.63,16.23,11.16033858208292,1188.68,2113.726,4775.598,4.813988369618717,3.57866915728689,3.78496603821265,1.93320138403085,-3.14328374768911,2.7018595359974014,71.2278594970703,256.986,0.0072085384459663745,0.021187554443053456,2.9392302755781525,2.2593268947820104,7.89566566149752
157,2020-07-01,2020,7,46.305,1018.71,44.43,26.8404545454545,590.49,16.23,11.179225701491072,1176.264,2110.128,4784.504,4.845820087592552,3.04486830018857,-5.36558421870486,-0.449577845553712,-1.61279970304921,2.757607424308843,66.4732818603516,258.278,0.001607946493424386,0.005265158196853264,3.2744610709279547,2.2673998923288066,7.8887323461751535
158,2020-08-01,2020,8,34.8990476190476,732.88,32.59,22.8895238095238,480.68,16.23,11.194645068828319,1151.929,2085.108,4774.48,4.858706216732564,0.689782944107943,-1.09416638884019,-0.0465036319883145,-0.615696673799559,2.792488775160285,65.4660491943359,259.411,0.0007433923345292986,0.003477315751194829,4.67763197127476,2.2897998568899065,7.877657622420689
159,2020-09-01,2020,9,43.6923809523809,917.54,44.0,27.647619047619,580.6,16.23,11.193212503854282,1139.91,2065.367,4730.281,4.87357896965255,0.512478085977604,-6.88284042224735,0.199967657572005,0.460793059260751,2.7239634299333204,80.3773803710937,260.029,0.004907443004445657,0.012051563125095179,2.4557724081925465,2.290285939496467,7.867381265083787
160,2020-10-01,2020,10,48.8304545454545,1074.27,68.84,29.4386363636363,647.65,16.23,11.20026740644827,1132.478,2024.885,4669.445,4.883090255817865,-0.355667526593621,-1.85242450414031,-0.197582766311199,-1.81439673510356,2.717154975833151,76.0831680297852,260.286,0.003660400666120181,0.019331400814806325,5.281225357030799,2.3060297251448847,7.867690743232763
161,2020-11-01,2020,11,49.7815,995.63,47.37,24.9955,499.91,16.23,11.225433374470734,1138.837,2026.809,4651.281,4.892984324584735,0.702508546708726,3.39945421155505,-1.11747370125969,1.11001336263296,2.753474090785272,70.0674667358398,260.813,0.0024920304683112232,0.016839511041301495,6.757345568376274,2.294878797163423,7.868442875641216
162,2020-12-01,2020,12,39.815909090909,875.95,37.83,22.3740909090909,492.23,16.23,11.232196629308053,1123.557,1981.434,4571.926,4.903528012867793,0.749701692195789,3.2448558065131,-0.599868864002314,-2.54090988831292,2.887265146474712,64.0672912597656,262.035,0.0006781794900112543,0.003658292949698677,5.394284261881715,2.3073824311079756,7.86036855998192
163,2021-01-01,2021,1,37.7457894736842,717.17,40.2,24.91,473.29,16.23,11.239930079864783,1114.354,1975.188,4585.805,4.915278365813869,-0.228399806398633,1.36886560942956,0.0844176753103822,-0.422229088125612,2.9855915571695486,78.4206085205078,262.65,0.002077591376735307,0.004924219737520767,2.3701579591934023,2.321705579418263,7.858332222916211
164,2021-02-01,2021,2,37.0647368421052,704.23,42.49,23.1405263157894,439.67,16.23,11.212564149569374,1131.649,1940.841,4519.023,4.912966778701723,-0.979810841636404,0.738343137513491,0.551936252187065,-2.06334404154988,3.1088084162268244,74.3560333251953,263.638,0.001501267386783988,0.006990967402680543,4.656710366336926,2.3283839325323408,7.876605575754025
165,2021-03-01,2021,3,42.4178260869565,975.61,45.65,21.8430434782608,502.39,16.23,11.239059245903801,1140.238,1948.721,4467.391,4.91682224883238,-0.293515161335195,4.6859600268463,-1.05856216687856,1.58510942328382,3.15820779179522,79.9416198730469,264.914,0.0024731939579006185,0.022627776948730596,9.149212449127235,2.2924733709956424,7.868623600904278
166,2021-04-01,2021,4,38.315,842.93,38.39,17.4161904761904,365.74,16.23,11.231749647530117,1122.586,1932.24,4457.609,4.921504392928254,-0.399368657185168,0.61489079174451,-1.02963890402421,-0.706467506291242,3.141766274561358,90.5773620605469,266.67,0.0010592826119073461,0.006155068095081671,5.810600519533541,2.3069644557611895,7.859322803328289
167,2021-05-01,2021,5,37.1055,742.11,33.54,19.7605,395.21,16.23,11.238011531796126,1104.565,1931.452,4469.227,4.913390239372538,-0.762144100991995,7.63631109992412,-0.892998866566395,0.020814745656877,3.189527100244404,94.0195541381836,268.444,0.0014964832781580696,0.006875355393889873,4.594341610253293,2.313920822262215,7.846150282646041
168,2021-06-01,2021,6,33.0040909090909,726.09,32.74,16.9568181818181,373.05,16.23,11.246501691835977,1069.412,1902.668,4398.918,4.923110736416316,1.34878161007069,7.04184761860504,-2.90303988884828,0.793587017753705,3.2726977149445133,75.5762100219727,270.559,0.0006073747996128646,0.0024545880916871246,4.04130710271756,2.3119735024712664,7.812965733572857
169,2021-07-01,2021,7,37.707619047619,791.86,32.85,17.6033333333333,369.67,16.23,11.26111234093269,1060.047,1899.419,4364.336,4.925013071650489,-0.222210379787584,0.961023364648387,-0.957850430073049,-0.0861065060375966,3.2836847646872798,60.6016426086426,271.764,0.0011239873550448539,0.011697230173495301,10.406905487854452,2.297721566436895,7.797986534401045
170,2021-08-01,2021,8,38.2027272727272,840.46,34.28,17.4727272727272,384.4,16.23,11.256513480484031,1042.827,1871.506,4325.078,4.9214235071735315,-0.154861674529496,-0.152883352655633,-1.001132264667,-1.35988942596318,3.211703907920825,90.608268737793,272.87,0.0006061035705650135,0.011279528269146381,18.609902361458676,2.3110147656486273,7.787377294115437
171,2021-09-01,2021,9,34.0138095238095,714.29,38.68,19.8247619047619,416.32,16.23,11.26094355683134,1038.111,1868.708,4267.258,4.913681446710522,-0.900559281118196,6.33206805575309,-1.4877806340313,-0.856297214066643,3.2637330493142,81.6343612670898,274.028,0.0013934441109107107,0.004449581068523466,3.1932253570007636,2.283533864038683,7.770882177841056
172,2021-10-01,2021,10,37.2761904761904,782.8,37.92,17.8714285714285,375.3,16.23,11.277751209075275,1047.226,1863.613,4248.629,4.922090890580379,0.38011625054979,2.90944534582306,0.859737925462601,1.01298272704237,3.383237393545897,80.951042175293,276.522,0.001151120367347892,0.0046968710836599765,4.080260602530445,2.279780727007163,7.777979308376753
173,2021-11-01,2021,11,41.0490476190476,862.03,75.23,18.5004761904761,388.51,16.23,11.288390320839722,1034.854,1835.215,4218.914,4.934411933921342,1.12982848150487,0.452425447099955,-0.730959384155174,0.0969165184399329,3.3463395696430465,89.138786315918,278.711,0.0013266651978576737,0.010498977881664344,7.9138111850814425,2.2988663453600804,7.774431741048801
174,2021-12-01,2021,12,50.11,1152.53,42.62,21.3545454545454,469.8,16.23,11.284296647050393,1014.866,1792.294,4119.094,4.945010668431143,1.21435474826688,-3.17520747673134,-2.10823925969158,-0.962991796252985,3.2398479406582013,108.525047302246,280.887,0.002518414697490065,0.009036628487598848,3.5882209933912192,2.2982245100413214,7.75464873572675
175,2022-01-01,2022,1,41.346,826.92,42.35,23.181,463.62,16.23,11.285353372125373,1002.59,1778.304,4116.578,4.955805857511794,1.22302694667788,5.7004414616419,-0.0280114580116392,-1.95807561732965,3.3826289578691378,141.13215637207,282.599,0.00278006293478994,0.00527253071999281,1.8965508492674463,2.314889917584395,7.749704065320414
176,2022-02-01,2022,2,46.7278947368421,887.83,52.5,25.7484210526315,489.22,16.23,11.2978105973472,988.001,1744.322,4077.871,4.965866552172254,0.0391741737100999,3.66106778018741,-0.683626688095753,0.484165859894212,3.471918221500491,219.09260559082,284.61,0.003676323445863915,0.008480666624372236,2.3068336475979816,2.3377971498381607,7.7448928069197915
177,2022-03-01,2022,3,67.4952173913043,1552.39,57.66,26.9686956521739,620.28,16.23,11.29659924773679,980.451,1719.69,4040.016,4.9547640149757886,-1.69953670098086,5.49240065390695,-0.19806576227061,-1.92317842583325,3.6307948947783895,325.423767089844,287.472,0.004746809766424907,0.06979118144056073,14.702755087049644,2.3492699265565307,7.742117280222702
178,2022-04-01,2022,4,52.85,1057.0,53.1,24.3735,487.47,16.23,11.284369668846299,966.982,1701.365,4059.936,4.934402058256891,-2.78499817481901,-3.64727198181707,-0.185358694814806,-0.801863389190902,3.562904046497252,194.79020690918,288.611,0.004926538163045299,0.019984542762730418,4.056508262259586,2.386281603300879,7.7439162208978765
179,2022-05-01,2022,5,51.6380952380952,1084.4,49.82,29.3136363636363,644.9,16.23,11.277452340900233,937.379,1695.559,4041.619,4.942426496867901,0.752990459050644,6.09528222229389,-2.7362985183853,-0.893832341942495,3.62730744648425,144.668685913086,291.268,0.007760029653600499,0.017526140802386108,2.2585146687235054,2.3836498759406193,7.711720557146725
180,2022-06-01,2022,6,46.9985714285714,986.97,48.9,28.2331818181818,621.13,16.23,11.281177879888096,910.826,1672.993,3992.969,4.956124962419974,1.39764396511223,1.73830772892976,-0.784206761505183,-1.00568633440945,3.6626571441341635,134.895385742187,294.728,0.007203428120114,0.01224010985168491,1.6992062178710545,2.3867218810837825,7.6842727066841965
181,2022-07-01,2022,7,50.437,1008.74,46.19,24.995238095238,524.9,16.23,11.293587164496998,892.22,1683.439,4020.624,4.952292584830805,,,,,3.5406970085139235,118.98607635498,294.628,0.003187741799257189,0.018035449755612977,5.6577511264606235,2.3883395834360495,7.664311128480718
182,2022-08-01,2022,8,48.8373913043478,1123.26,52.11,22.1695652173913,509.9,16.23,11.306684383676282,864.799,1657.445,3986.091,4.957475821283593,,,,,3.4568886390181657,135.054550170898,295.32,0.0033489248150787064,0.015622580769110883,4.664954166414668,2.4049612505995674,7.640030901398718
183,2022-09-01,2022,9,50.435238095238,1059.14,55.69,27.3418181818181,601.52,16.23,11.311095408820231,845.203,1631.458,3973.232,4.959240623911167,,,,,3.346898698181112,133.977828979492,296.539,0.004933697702496732,0.01556400435468371,3.154632750767733,2.435387242576885,7.629682610940771
184,2022-10-01,2022,10,50.6142857142857,1062.9,47.41,30.0057142857142,630.12,16.23,11.312293857633016,836.823,1621.385,3977.238,4.950273614087149,,,,,3.3803303833271827,145.874267578125,297.987,0.006503949254361376,0.012806636992032827,1.9690554909303815,2.4529880318369788,7.626919464866816
185,2022-11-01,2022,11,46.527619047619,977.08,46.15,23.2990909090909,512.58,16.23,11.313525173314442,801.957,1603.669,3994.88,4.948222213528016,,,,,3.3412838870066115,118.728073120117,298.598,0.006342752838180075,0.01402503419350305,2.2111904012843815,2.491087624690631,7.599774402642087
