,Date,year,month,OVX_avg,OVX_sum,OVX_end,VIX_avg,VIX_sum,VIX_end,WorldOilProd,CrudeOilStock,PetroleumStockUS,PetroleumStockOECD,IndustrialProd,EconActivityShock,OilConsumptionDemandShock,InventoryDemandShock,OilSupplyShock,WTISpotPrice,GPR,CPI,StockVol,OilVol,VolRatio,ScaleFactor,OilInventory,identifier,IndexVol_avg,IndexVol_end
0,2007/6/1,2007,6,27.00285714,567.06,27.44,14.94761905,313.9,16.23,11.18888973,1044.341,1729.597,4161.746,4.713833541,-0.294944729,1.490130473,0.20984937,-1.688245836,3.483152854,97.97231293,207.234,0.001472436,0.00410938,2.790871559,2.406194044,7.829187608,200706,1.806498884516327,1.6906962415280344
1,2007/7/1,2007,7,27.72,582.12,30.69,17.27333333,362.74,23.52,11.19591248,1026.994,1733.466,4194.891,4.718302423,0.062478868,4.136340895,-0.856100437,0.293332958,3.576037156,112.3462524,207.603,0.002426257,0.003815696,1.572667545,2.419944204,7.818135851,200707,1.6047857972992638,1.3048469387755104
2,2007/8/1,2007,8,30.7173913,706.5,28.86,25.02608696,575.6,23.38,11.18698062,1010.976,1715.657,4176.211,4.722594935,-0.096013634,-2.207910849,-1.237275806,-0.655895074,3.551302519,83.17320251,207.667,0.00513396,0.006307368,1.228558084,2.434175945,7.808279758,200708,1.2274148710941744,1.234388366124893
3,2007/9/1,2007,9,29.85,567.15,29.32,22.19894737,421.78,18.0,11.19768554,1003.915,1716.535,4165.695,4.723232294,-0.016821989,5.070923735,-0.305436987,-0.845450778,3.646157002,94.48886871,208.547,0.001868479,0.003697069,1.978652017,2.42680458,7.79823804,200709,1.3446583526000766,1.6288888888888888
4,2007/10/1,2007,10,31.30043478,719.91,37.46,19.11565217,439.66,18.53,11.20692327,1001.368,1707.655,4132.156,4.729795537,0.15336189,2.836318896,-0.328162984,0.085275765,3.718597434,101.4730148,209.19,0.001682877,0.010174204,6.045720836,2.419783856,7.792800564,200710,1.637424373578147,2.021586616297895
5,2007/11/1,2007,11,36.97809524,776.54,37.26,25.58238095,537.23,22.87,11.20294066,995.028,1689.773,4088.918,4.733940638,0.049162735,2.665809967,-0.650538632,-1.552708568,3.803967962,89.7954483,210.834,0.005636835,0.009515154,1.688031334,2.419803133,7.786457064,200711,1.4454516689542143,1.629208570179274
6,2007/12/1,2007,12,33.323,666.46,36.35,21.651,433.02,22.5,11.20897593,983.046,1665.345,4083.121,4.736067738,-0.070311346,-2.468564086,0.555525647,0.265867617,3.770054748,94.96749115,211.445,0.002347426,0.00656835,2.798106915,2.451816891,7.787485252,200712,1.5390975012701493,1.6155555555555556
7,2008/1/1,2008,1,33.43428571,702.12,30.24,25.81619048,542.14,26.2,11.21011798,994.556,1676.55,4138.711,4.750814792,1.230590001,-1.483090007,1.356985354,-0.601484855,3.779825207,81.49982452,212.174,0.004831612,0.004295847,0.889112521,2.468587874,7.805942683,200801,1.2950898288382942,1.1541984732824426
8,2008/2/1,2008,2,32.667,653.34,34.82,25.456,509.12,26.54,11.21260223,1001.113,1663.623,4079.592,4.745369424,-0.78203499,2.456723085,-0.217370201,-0.672124716,3.802902917,80.75146484,212.687,0.003225643,0.006348735,1.968207999,2.452233469,7.805866889,200802,1.2832730986800756,1.3119819140919367
9,2008/3/1,2008,3,40.3085,806.17,39.32,27.1035,542.07,25.61,11.21502981,1015.031,1654.739,4095.95,4.742229349,-0.491012032,0.657917885,2.742032659,0.031640578,3.901056454,77.63613892,213.448,0.00633767,0.013840743,2.183885074,2.475284622,7.829029821,200803,1.4872064493515598,1.5353377586880126
10,2008/4/1,2008,4,39.68409091,873.05,38.52,21.56272727,474.38,20.79,11.20702687,1021.207,1666.413,4081.58,4.746517827,-0.155372012,2.603223239,-1.010568622,-0.346895282,3.963040486,71.90480804,213.942,0.002903735,0.006253826,2.153717892,2.449320787,7.824551296,200804,1.8404022094743122,1.8528138528138531
11,2008/5/1,2008,5,38.97095238,818.39,42.3,18.30333333,384.37,17.83,11.2113262,1007.904,1674.104,4109.199,4.737676303,-1.02389505,7.534081884,-0.776638594,-0.31455666,4.064994064,72.57379913,215.208,0.001640653,0.007093535,4.323605597,2.454566144,7.813578228,200805,2.1291724123345785,2.3724060572069545
12,2008/6/1,2008,6,45.98761905,965.74,45.11,22.11047619,464.32,23.95,11.21158981,1001.727,1686.009,4125.063,4.740305791,0.089418822,2.60735275,-0.521400896,0.541734667,4.12045874,87.54842377,217.463,0.003425235,0.016955018,4.950029937,2.446643523,7.804197884,200806,2.0799017920201566,1.8835073068893529
13,2008/7/1,2008,7,48.92545455,1076.36,47.02,24.32227273,535.09,22.94,11.22162352,1002.447,1698.089,4166.523,4.733621447,-0.793612246,-0.787373986,1.3026222,0.800711421,4.109677338,89.73957062,219.016,0.004465839,0.013573252,3.039351043,2.453654078,7.807777664,200807,2.011549458930847,2.049694856146469
14,2008/8/1,2008,8,46.71190476,980.95,50.22,20.69571429,434.61,20.65,11.20547256,1009.726,1710.596,4192.832,4.724581229,-0.744991653,-5.596819293,0.074063254,-0.324046071,3.976350018,88.55410767,218.69,0.003447849,0.010725067,3.110654145,2.451094238,7.813968839,200808,2.257081060621851,2.431961259079903
15,2008/9/1,2008,9,50.59380952,1062.47,59.56,30.29761905,636.25,39.39,11.1916935,1006.449,1704.422,4174.277,4.714394926,-0.614358107,-2.658737904,-0.741423341,-0.278671729,3.860089156,88.54255676,218.877,0.023804043,0.077026486,3.235857323,2.449086553,7.809898692,200809,1.669893909369753,1.512058898197512
16,2008/10/1,2008,10,72.18913043,1660.35,80.56,61.1773913,1407.08,59.89,11.20622026,1014.474,1711.036,4182.137,4.698828092,-1.126588367,-8.43436262,-0.013170294,3.490420586,3.56454548,64.15979767,216.995,0.058088527,0.047114931,0.811088399,2.44421333,7.815848855,200810,1.179996872962447,1.345132743362832
17,2008/11/1,2008,11,80.89105263,1536.93,80.26,62.66894737,1190.71,55.84,11.20405462,1023.394,1732.029,4207.898,4.671415687,-1.878140168,-7.059531024,-0.643466136,2.020340217,3.293900893,79.08097076,213.153,0.036256874,0.061300585,1.690730022,2.429461631,7.818549515,200811,1.2907676931673346,1.4373209169054442
18,2008/12/1,2008,12,91.91590909,2022.15,88.93,52.35590909,1151.83,40.0,11.19315578,1027.663,1736.739,4214.078,4.638763557,-2.248177466,-5.285222247,-1.340108216,1.963113847,2.965487326,92.36643219,211.398,0.020090074,0.103811956,5.16732569,2.426431375,7.821464179,200812,1.7555976142443868,2.22325
19,2009/1/1,2009,1,80.8995,1617.99,77.1,44.683,893.66,44.84,11.17786174,1055.123,1762.401,4253.453,4.610062201,-1.726077755,5.586963133,0.74083654,-0.165574822,2.980359901,85.36947632,211.933,0.011971099,0.053897082,4.502266718,2.41344223,7.842466667,200901,1.8105207797148806,1.7194469223907223
20,2009/2/1,2009,2,71.70842105,1362.46,68.54,45.57052632,865.84,46.35,11.18512337,1063.107,1776.695,4263.996,4.618485147,1.022744329,1.540123144,-0.628338594,2.588923569,2.912919774,67.45267487,212.705,0.009961215,0.050331264,5.052723585,2.399959475,7.844402884,200902,1.5735701744249682,1.4787486515641857
21,2009/3/1,2009,3,68.82772727,1514.21,78.01,44.79545455,985.5,44.14,11.18236373,1079.743,1802.711,4287.5,4.613539069,-0.025562211,8.419845141,0.004111395,-0.624858034,3.117035985,72.6446228,212.495,0.020364363,0.055532287,2.726934645,2.378362366,7.850890498,200903,1.536489091614765,1.7673312188491166
22,2009/4/1,2009,4,57.84095238,1214.66,52.75,38.06380952,799.34,36.5,11.18447431,1089.701,1816.047,4288.301,4.615400676,0.039853316,0.858050503,0.480934437,1.389511559,3.153059312,85.68849945,212.709,0.007551039,0.026612974,3.524412317,2.361338115,7.852887082,200904,1.519578652515283,1.4452054794520548
23,2009/5/1,2009,5,44.363,887.26,41.32,31.978,639.56,28.92,11.17876739,1081.199,1831.189,4296.277,4.621071094,0.060037692,7.886119791,-0.993483457,-0.035663826,3.324020377,89.68086243,213.022,0.006381141,0.01335694,2.093189893,2.346167982,7.838609241,200905,1.3872975170429669,1.4287690179806363
24,2009/6/1,2009,6,45.02636364,990.58,42.78,29.14045455,641.09,26.35,11.18159449,1071.164,1844.416,4310.641,4.630795047,0.449321269,7.572802834,-0.963436672,-0.638219535,3.479422712,81.10958862,214.79,0.003472526,0.011255269,3.241234019,2.337130561,7.825425107,200906,1.545149666857204,1.6235294117647059
25,2009/7/1,2009,7,46.24136364,1017.31,45.72,26.16272727,575.58,25.92,11.19333131,1069.522,1849.986,4315.145,4.639604462,0.276241056,-1.88479651,-0.678395687,0.989533555,3.396095735,83.43962097,214.726,0.003771049,0.014581277,3.866636914,2.332528462,7.821919955,200907,1.7674519618229387,1.7638888888888888
26,2009/8/1,2009,8,45.73095238,960.35,47.09,25.33714286,532.08,26.01,11.18625305,1059.675,1833.718,4330.621,4.647810047,0.510993343,2.992710824,0.306090132,-2.106794223,3.49598912,73.37187958,215.445,0.002177727,0.010176497,4.672989948,2.36166139,7.825082886,200908,1.8048977594942603,1.8104575163398693
27,2009/9/1,2009,9,43.97809524,923.54,45.23,24.92666667,523.46,25.61,11.19289415,1060.097,1848.345,4317.215,4.659044547,0.268609234,0.245041451,-0.718339431,0.478185281,3.471286551,92.83998871,215.861,0.00191263,0.012158166,6.356778224,2.335719252,7.814435567,200909,1.764299086685705,1.7661069894572432
28,2009/10/1,2009,10,41.68318182,917.03,41.13,24.25227273,533.55,30.69,11.19914921,1057.583,1825.172,4266.316,4.663888993,-0.270792286,4.13389086,-0.481600843,-0.32314796,3.555900179,90.57640076,216.509,0.003897973,0.007723104,1.981313059,2.337487097,7.812817857,200910,1.7187330145944635,1.3401759530791788
29,2009/11/1,2009,11,38.602,772.04,41.17,23.789,475.78,24.51,11.19883357,1063.042,1813.966,4275.121,4.673160555,0.103993017,-3.070524979,1.359081436,-0.042057105,3.581929015,82.10176086,217.234,0.002001319,0.006596504,3.296078404,2.356781219,7.826186686,200911,1.622682752532683,1.6797225622195022
30,2009/12/1,2009,12,39.58772727,870.93,36.26,21.23954545,467.27,21.68,11.19469662,1051.795,1776.375,4193.137,4.679043131,0.020011044,-0.459211472,-1.154596728,-1.158431781,3.531785983,92.94691467,217.347,0.000933439,0.005196524,5.567075391,2.360502146,7.817127878,200912,1.8638688555361715,1.6725092250922509
31,2010/1/1,2010,1,32.62,619.78,34.05,20.64315789,392.22,24.62,11.19694336,1063.427,1781.475,4263.352,4.697462179,1.608567552,-3.606925848,1.717334914,-0.214509065,3.582551879,91.58102417,217.488,0.001991701,0.002939292,1.475770014,2.393158478,7.841866023,201001,1.5801845906435585,1.3830219333874896
32,2010/2/1,2010,2,35.48526316,674.22,32.82,22.54,428.26,19.5,11.20467586,1069.824,1784.671,4249.004,4.696153747,-0.541949348,-0.878209823,-0.161821854,-0.093985195,3.560223181,80.72535706,217.281,0.002373246,0.008405663,3.541842466,2.380833218,7.842699946,201002,1.5743240088731145,1.6830769230769231
33,2010/3/1,2010,3,31.94652174,734.77,29.61,17.7673913,408.65,17.59,11.20876842,1085.849,1787.051,4229.641,4.710696188,1.309489648,-1.964680193,1.20734072,0.117787884,3.621055163,74.11694336,217.353,0.000633407,0.004104235,6.479616434,2.366827248,7.851667793,201003,1.798042335005027,1.6833428084138715
34,2010/4/1,2010,4,28.37761905,595.93,30.25,17.42428571,365.91,22.05,11.20858623,1089.867,1809.901,4272.016,4.715234621,-0.19804016,-0.406351719,0.018967886,-0.677432787,3.659932232,88.76158142,217.403,0.001793842,0.003747092,2.088863768,2.360358937,7.852624649,201004,1.6286245256936849,1.3718820861678005
35,2010/5/1,2010,5,40.4045,808.09,40.49,31.9295,638.59,32.07,11.20943496,1088.539,1830.399,4302.316,4.723670298,0.605210253,-6.084268423,-0.519481256,0.478582707,3.525837909,88.95870972,217.29,0.008106573,0.02346815,2.894953129,2.350479868,7.847211216,201005,1.2654285222130004,1.2625506704084815
36,2010/6/1,2010,6,39.63,871.86,39.5,29.91636364,658.16,34.54,11.21094337,1092.088,1841.596,4308.262,4.721719572,-0.265048424,1.295890963,0.107706922,-1.391305888,3.546500127,96.4536972,217.199,0.005591758,0.007790255,1.393167326,2.339417549,7.845748727,201006,1.324693083587615,1.1436016213086277
37,2010/7/1,2010,7,34.50380952,724.58,31.52,25.5652381,536.87,23.5,11.21451943,1084.195,1855.248,4314.113,4.726373145,0.068883267,1.38714377,-1.316731016,-0.183663862,3.558078642,79.38137817,217.605,0.003348782,0.006213371,1.855412306,2.325356502,7.832466417,201007,1.3496377145026472,1.3412765957446808
38,2010/8/1,2010,8,33.175,729.85,34.51,24.74590909,544.41,26.05,11.21362455,1085.902,1861.877,4342.848,4.730116835,0.04056518,-2.619432499,0.242946531,-0.586799654,3.56249342,80.99386597,217.923,0.002704606,0.006885791,2.545949546,2.332510687,7.837111492,201008,1.3406256314667482,1.3247600767754317
39,2010/9/1,2010,9,31.71285714,665.97,30.04,22.51761905,472.87,23.7,11.2177471,1089.348,1861.176,4285.949,4.732421148,0.073238172,1.278845316,-1.026979572,-0.389999879,3.541027378,71.16854858,218.275,0.002337193,0.005774457,2.470680756,2.302817681,7.827468083,201009,1.4083574764091233,1.2675105485232068
40,2010/10/1,2010,10,32.38285714,680.04,32.12,20.37333333,427.84,21.2,11.21630274,1094.142,1847.189,4298.066,4.737199701,0.291098273,-1.401989523,1.862506109,-0.904912413,3.621437642,65.99193573,219.035,0.001080067,0.006401245,5.926713288,2.326814419,7.842225903,201010,1.5894727001946125,1.5150943396226415
41,2010/11/1,2010,11,31.24714286,656.19,31.89,20.09571429,422.01,23.54,11.22444307,1079.022,1827.192,4274.074,4.742945809,0.120084566,2.736453149,-1.076880345,-0.128814283,3.645890093,94.70516968,219.59,0.001737953,0.00583298,3.356235103,2.339148814,7.833597463,201011,1.554915760100608,1.3547153780798642
42,2010/12/1,2010,12,28.90363636,635.88,29.48,17.56954545,386.53,17.75,11.22382318,1059.975,1794.099,4220.883,4.754623278,0.87753044,3.626129944,-1.020078537,-0.768201981,3.69848519,97.20389557,220.472,0.000832134,0.002510431,3.016859777,2.352647764,7.821542004,201012,1.6450986988966183,1.6608450704225353
43,2011/1/1,2011,1,28.877,577.54,35.18,17.3155,346.31,19.53,11.23038349,1071.588,1803.372,4291.109,4.768396415,0.870802852,-3.507200966,1.448946834,-0.024119087,3.699506059,79.4216156,221.187,0.000863232,0.006699753,7.761242556,2.379491863,7.843783901,201101,1.6676965724351014,1.8013312852022527
44,2011/2/1,2011,2,33.71,640.49,39.05,17.43,331.17,18.35,11.22713001,1075.009,1773.435,4220.152,4.766740416,-0.558980772,0.647926786,0.428173,-1.768281626,3.69808445,90.01448822,221.898,0.001065533,0.002921368,2.741696393,2.379648535,7.847037115,201102,1.934021801491681,2.1280653950953674
45,2011/3/1,2011,3,39.85391304,916.64,34.62,20.72347826,476.64,17.74,11.21347023,1086.755,1769.52,4199.031,4.7638486,-0.816566852,1.488412126,0.694091997,-2.119360336,3.831938452,136.8883057,223.046,0.002347096,0.006917833,2.947400491,2.372977418,7.855096932,201103,1.923128566545952,1.95152198421646
46,2011/4/1,2011,4,31.9625,639.25,30.39,16.244,324.88,14.75,11.21262491,1093.083,1779.331,4227.566,4.758840179,-1.058772074,1.216815139,1.088027327,-0.167141872,3.893952978,91.01776886,224.093,0.000636531,0.004911749,7.716431955,2.375930055,7.862146386,201104,1.9676495936961338,2.0603389830508476
47,2011/5/1,2011,5,37.6647619,790.96,33.51,16.91142857,355.14,15.45,11.20251287,1094.891,1806.727,4247.551,4.768003066,0.557978728,-3.227973248,-0.986957636,-0.570289303,3.808314895,105.3449173,224.806,0.000934206,0.016700423,17.87659127,2.350964479,7.853235754,201105,2.227178014210777,2.1689320388349516
48,2011/6/1,2011,6,34.00409091,748.09,31.36,19.15318182,421.37,16.52,11.21315057,1082.294,1808.502,4240.488,4.770604113,0.470913556,2.281035882,-0.682486809,0.326631723,3.757296849,84.3918457,224.806,0.002294744,0.008527762,3.716214553,2.344751623,7.83901762,201106,1.7753755605500747,1.8983050847457628
49,2011/7/1,2011,7,31.963,639.26,33.64,19.2275,384.55,25.25,11.21702142,1064.555,1815.653,4242.762,4.773645491,0.335724897,2.949950322,-1.495480349,0.066075957,3.763983593,78.92475891,225.395,0.001830743,0.004116919,2.248770116,2.336769195,7.81908144,201107,1.6623586009621636,1.3322772277227724
50,2011/8/1,2011,8,47.47086957,1091.83,44.33,35.02913043,805.67,31.62,11.22402599,1043.217,1795.687,4222.633,4.775807919,-0.205326777,-1.581606529,-1.584401398,0.974462629,3.642343432,86.9515686,226.106,0.019222219,0.018047452,0.93888494,2.351541778,7.805135676,201108,1.3551826433391712,1.4019607843137254
51,2011/9/1,2011,9,48.08952381,1009.88,55.68,36.53,767.13,42.96,11.21528908,1026.138,1780.933,4188.957,4.775191403,-0.051490851,4.013640342,-1.834939674,-2.089570447,3.631799175,83.35044861,226.597,0.006915851,0.014758324,2.13398524,2.352113752,7.788871912,201109,1.3164391954557897,1.2960893854748603
52,2011/10/1,2011,10,48.5152381,1018.82,43.26,32.82904762,689.41,29.96,11.22255311,1032.926,1769.442,4166.406,4.775327221,-0.234051876,-1.513723841,0.209614244,-0.562878534,3.640425507,76.3399353,226.75,0.007400847,0.013992337,1.890639921,2.354644006,7.796540382,201110,1.4778143631082283,1.4439252336448598
53,2011/11/1,2011,11,45.59380952,957.47,41.0,31.94190476,670.78,27.8,11.23561858,1032.824,1770.126,4181.203,4.771876772,-0.476614595,3.458758282,0.397522497,0.219288703,3.756349539,83.1576767,227.169,0.007679432,0.00521293,0.678817117,2.362093433,7.799600351,201111,1.4273979545858493,1.474820143884892
54,2011/12/1,2011,12,39.4,827.4,38.74,25.04761905,526.0,23.4,11.24100926,1026.63,1750.087,4130.52,4.774192905,0.058309899,0.51294977,-0.858491163,0.376066507,3.770005228,85.34132385,227.223,0.002764098,0.00649728,2.350597113,2.360179808,7.792774678,201112,1.5730038021318435,1.6555555555555557
55,2012/1/1,2012,1,34.6975,693.95,32.31,20.228,404.56,19.44,11.24291958,1039.424,1772.596,4187.691,4.781929445,0.735123266,-1.651002182,0.611097618,-0.139071039,3.78408509,79.63497162,227.842,0.000648355,0.001626903,2.50927888,2.362462174,7.806126362,201201,1.7153203480324302,1.662037037037037
56,2012/2/1,2012,2,33.012,660.24,32.52,18.4205,368.41,18.43,11.24708394,1044.434,1767.408,4171.5,4.784033581,0.094202702,1.069576218,0.43790882,-0.080753549,3.80180341,92.44582367,228.329,0.000623699,0.002553646,4.094356853,2.360236007,7.809992008,201202,1.7921337640129205,1.7645143787303312
57,2012/3/1,2012,3,29.81181818,655.86,29.0,16.16727273,355.68,15.5,11.2429556,1069.147,1783.485,4177.453,4.779044003,-0.812041163,-1.390649935,1.596928183,-0.060423816,3.837521275,88.75997925,228.807,0.001155267,0.003979698,3.444828574,2.342297805,7.825748829,201203,1.8439608632741855,1.8709677419354838
58,2012/4/1,2012,4,27.972,559.44,25.15,17.823,356.46,17.15,11.24693313,1078.809,1784.484,4194.016,4.772037159,-0.973998356,-0.846590235,0.578253925,1.782078943,3.808559672,96.01668549,229.187,0.001627548,0.00278169,1.709129405,2.350268201,7.838142383,201204,1.5694327554283791,1.466472303206997
59,2012/5/1,2012,5,30.10772727,662.37,34.79,21.00181818,462.04,24.06,11.23760586,1083.886,1795.821,4201.297,4.778002272,0.498411662,-1.313429347,-0.104855867,0.310209155,3.723416244,78.17115784,228.713,0.001496096,0.005404748,3.612567039,2.339485394,7.838238999,201205,1.433577179459231,1.4459684123025769
60,2012/6/1,2012,6,36.65428571,769.74,35.0,21.13095238,443.75,17.08,11.23515333,1083.932,1810.17,4209.652,4.774006734,-0.404435117,-2.915566394,-0.382808705,0.582045387,3.585235737,77.82243347,228.524,0.003437222,0.015841423,4.608786354,2.325556163,7.83230967,201206,1.7346253519880397,2.0491803278688527
61,2012/7/1,2012,7,35.58,747.18,34.53,17.56238095,368.81,18.93,11.23772767,1068.614,1812.984,4239.98,4.775084784,0.36430483,2.594929671,-0.104830939,0.354931284,3.649781224,82.80802155,228.59,0.001552838,0.008981605,5.783994337,2.338674804,7.823702206,201207,2.025921206315707,1.8240887480190175
62,2012/8/1,2012,8,31.72217391,729.61,31.4,15.68956522,360.86,17.47,11.23840151,1058.374,1800.552,4239.82,4.772096599,-0.815169295,0.843386668,-0.105041956,-0.016859216,3.712442925,74.87835693,229.918,0.000728286,0.004278105,5.874213615,2.354733437,7.820916578,201208,2.0218644344307712,1.797366914710933
63,2012/9/1,2012,9,33.87210526,643.57,32.45,15.28473684,290.41,15.73,11.23164367,1064.912,1819.493,4252.805,4.76862787,-0.489090343,1.866964671,-0.287521166,-0.860680184,3.713612714,69.28050995,231.015,0.001044639,0.003119427,2.986128249,2.337357165,7.81966832,201209,2.2160738267574907,2.062937062937063
64,2012/10/1,2012,10,33.26666667,698.6,32.18,16.27619048,341.8,18.6,11.23829531,1071.261,1810.073,4217.816,4.773696763,0.274000099,-0.948289986,-0.325090966,0.814856237,3.65501482,81.66366577,231.638,0.000925534,0.006527775,7.05298249,2.330191103,7.822542021,201210,2.0438853127749828,1.7301075268817203
65,2012/11/1,2012,11,30.65095238,643.67,27.62,16.70190476,350.74,15.87,11.24541928,1074.36,1810.409,4216.113,4.772341455,-0.165106084,0.670984397,0.081724966,0.022077778,3.62366755,81.38964081,231.249,0.001902651,0.007001504,3.679868416,2.328817963,7.824841241,201211,1.8351770543804728,1.7403906742281035
66,2012/12/1,2012,12,28.945,578.9,28.45,17.3445,346.89,18.02,11.24591662,1060.764,1807.777,4191.891,4.775527625,0.262020071,1.298933479,-1.767440409,-0.082464945,3.641969919,74.83155823,231.221,0.001035702,0.001962112,1.894474544,2.318809787,7.807798713,201212,1.6688287353339675,1.5788013318534961
67,2013/1/1,2013,1,24.11095238,506.33,22.54,13.5052381,283.61,14.28,11.23701385,1073.221,1810.83,4233.328,4.7795349,0.200322563,-2.267738583,1.901750288,-1.288429221,3.710425791,90.65749359,231.679,0.000906804,0.001054261,1.162612058,2.337783226,7.827622827,201301,1.785303761508655,1.5784313725490196
68,2013/2/1,2013,2,23.39736842,444.55,23.61,14.07263158,267.38,15.51,11.23426431,1081.179,1790.158,4209.652,4.779364316,-0.34873196,-2.040294623,0.667204804,-0.727132265,3.711641807,81.59033203,232.937,0.001242744,0.001619007,1.302767776,2.351553327,7.840883491,201302,1.6626150046628307,1.5222437137330753
69,2013/3/1,2013,3,20.0715,401.43,18.19,13.0315,260.63,12.7,11.23608362,1089.098,1793.01,4230.777,4.782063578,-0.012433255,-0.778355689,0.523672929,0.387186504,3.690355018,75.89672089,232.282,0.00048452,0.00147434,3.0428887,2.35959476,7.851595002,201303,1.540229444039443,1.4322834645669293
70,2013/4/1,2013,4,23.62954545,519.85,24.57,13.96727273,307.28,13.52,11.24174161,1092.4,1807.749,4236.699,4.785883606,0.106285522,1.279944453,-1.036276703,1.109160352,3.681857355,95.10787201,231.797,0.001682745,0.004711176,2.79969722,2.343632329,7.847834393,201304,1.6917794838534665,1.8173076923076923
71,2013/5/1,2013,5,23.88090909,525.38,24.41,13.49363636,296.86,16.3,11.24110532,1088.008,1816.763,4209.91,4.78659552,-0.075587863,3.83062422,-1.122746763,-0.293446769,3.710663537,83.71731567,231.893,0.001015558,0.00355103,3.496629588,2.317258773,7.832488704,201305,1.7697904740334947,1.4975460122699387
72,2013/6/1,2013,6,22.8365,456.73,22.37,17.2715,345.43,16.86,11.24077876,1073.405,1818.914,4235.949,4.782316176,-0.930385004,0.080841505,-1.092245549,0.573600642,3.718779233,82.9730072,232.445,0.00224768,0.00268094,1.192758607,2.328834128,7.823958886,201306,1.322207104188982,1.3268090154211152
73,2013/7/1,2013,7,24.04545455,529.0,22.95,13.97454545,307.44,13.45,11.24720708,1063.852,1817.76,4250.207,4.788006568,0.494730827,2.222820806,-0.439783035,0.180349952,3.804800158,73.97581482,232.9,0.000502065,0.003576448,7.12346912,2.338156302,7.819014276,201307,1.7206609428573576,1.7063197026022305
74,2013/8/1,2013,8,23.99863636,527.97,28.1,14.21,312.62,17.01,11.24409053,1061.699,1822.796,4249.766,4.792658222,0.160993243,1.033822191,-0.939284174,-1.203516899,3.82097861,90.95674896,233.456,0.000950425,0.003970317,4.177413913,2.331454535,7.814118071,201308,1.6888554792399717,1.6519694297472074
75,2013/9/1,2013,9,24.269,485.38,22.98,14.692,293.84,16.6,11.23720161,1068.987,1833.373,4278.555,4.795781645,0.202455929,-2.541833109,0.722945046,-0.982656613,3.817970897,100.4593277,233.544,0.000622221,0.003121622,5.016904229,2.33370678,7.821924646,201309,1.6518513476722023,1.3843373493975903
76,2013/10/1,2013,10,21.61608696,497.17,20.59,15.40782609,354.38,13.75,11.24191537,1077.631,1810.003,4240.652,4.794273192,-0.463270104,-4.311593944,1.015028168,0.232156652,3.76182026,72.95311737,233.669,0.001438368,0.002881606,2.003386663,2.342897774,7.833908921,201310,1.4029290591506152,1.4974545454545454
77,2013/11/1,2013,11,19.966,399.32,20.0,12.924,258.48,13.7,11.24561292,1069.594,1789.366,4198.258,4.799033198,0.257597265,-0.675965409,-0.93560078,0.582762588,3.691226122,77.77902222,234.1,0.000644399,0.002181484,3.385298195,2.346226541,7.827842726,201311,1.5448777468276076,1.4598540145985401
78,2013/12/1,2013,12,17.47285714,366.93,17.76,14.19238095,298.04,13.72,11.25008728,1053.032,1761.373,4156.551,4.797731399,-0.193645644,3.612990734,-0.727804765,-0.093619631,3.727965955,70.37248993,234.719,0.000745518,0.001740365,2.334437214,2.359835764,7.818020926,201312,1.2311434706803017,1.2944606413994169
79,2014/1/1,2014,1,19.57,410.97,20.35,14.24095238,299.06,18.41,11.2549042,1063.362,1749.099,4168.215,4.806434347,0.708108915,-4.606179637,1.501950578,0.431784249,3.69422876,77.91596985,235.288,0.001303588,0.002187689,1.678204903,2.38306408,7.837577954,201401,1.374205845072842,1.1053775122216187
80,2014/2/1,2014,2,19.04,361.76,18.71,15.47,293.93,14.0,11.2614025,1072.612,1750.824,4173.953,4.812135009,0.309530953,2.131407612,0.559853453,-0.25083547,3.756596466,69.00352478,235.547,0.001253563,0.001040374,0.829933244,2.38399348,7.846629088,201402,1.2307692307692306,1.3364285714285715
81,2014/3/1,2014,3,20.03142857,420.66,19.26,14.83666667,311.57,13.88,11.25389486,1082.585,1758.99,4179.398,4.810627219,-0.673306241,-1.792188289,-0.002404441,-0.427665041,3.7543581,119.8385544,236.028,0.000869033,0.002694261,3.100299485,2.376021467,7.852534415,201403,1.35012998644122,1.3876080691642652
82,2014/4/1,2014,4,18.81238095,395.06,19.37,14.19809524,298.16,13.41,11.25476336,1090.435,1786.597,4191.043,4.814487284,0.042834587,1.082704758,-0.968048073,0.487386007,3.765016146,93.22154236,236.468,0.001362697,0.002257635,1.656740925,2.345824492,7.846968914,201404,1.3249932918466605,1.4444444444444444
83,2014/5/1,2014,5,16.67809524,350.24,15.61,12.4752381,261.98,11.4,11.2508884,1088.004,1815.789,4256.152,4.812150801,-0.58561113,0.540432874,0.445369807,0.178587115,3.76419206,83.4288559,236.918,0.000555206,0.001207861,2.175519087,2.34396838,7.843945486,201405,1.3368959458978182,1.369298245614035
84,2014/6/1,2014,6,16.83428571,353.52,16.52,11.54142857,242.37,11.57,11.2561411,1076.983,1819.11,4243.977,4.814017848,0.007357034,3.087855222,-1.256047624,-0.117353717,3.797591833,98.7671051,237.231,0.000282,0.001029095,3.649271342,2.332996355,7.829072323,201406,1.458596360744968,1.427830596369922
85,2014/7/1,2014,7,16.86909091,371.12,18.78,12.29636364,270.52,16.95,11.25953699,1061.452,1822.381,4259.227,4.815865456,0.019145532,0.437077981,-1.314300434,0.316532299,3.775451784,138.753952,237.498,0.000949118,0.005831934,6.14458144,2.337177023,7.816336862,201407,1.3718763858873648,1.1079646017699116
86,2014/8/1,2014,8,17.93190476,376.57,16.68,13.49190476,283.33,11.98,11.26167496,1053.499,1827.108,4304.105,4.806136115,-1.081158981,-0.229068301,-0.379456485,0.007652076,3.705128428,136.4455872,237.46,0.000546202,0.003325423,6.088262467,2.355692712,7.816707114,201408,1.3290862245902777,1.3923205342237062
87,2014/9/1,2014,9,19.63142857,412.26,21.52,13.46666667,282.8,16.31,11.27299174,1054.294,1839.724,4279.555,4.8161256,0.921611733,0.701146846,-0.783953881,1.150658602,3.669954421,131.5566559,237.477,0.000721024,0.004669238,6.475844856,2.326194038,7.804860099,201409,1.4577793488965893,1.319435928877989
88,2014/10/1,2014,10,29.37130435,675.54,30.52,18.05869565,415.35,14.03,11.28238827,1073.953,1833.965,4256.316,4.809362708,-0.89044961,-3.135100678,1.220344002,1.216860323,3.570864744,83.66100311,237.43,0.002944,0.006052799,2.055978159,2.320827279,7.82102522,201410,1.6264355366108625,2.1753385602280826
89,2014/11/1,2014,11,33.15736842,629.99,36.44,13.41315789,254.85,13.33,11.28349897,1047.692,1812.12,4262.832,4.816604929,0.92639566,-2.618972971,-0.388568603,0.396456535,3.465148135,84.38005066,236.983,0.000150255,0.005228249,34.79594836,2.352400503,7.809781226,201411,2.4720031398959397,2.7336834208552134
90,2014/12/1,2014,12,47.80590909,1051.73,50.24,16.29227273,358.43,19.2,11.29365254,1051.824,1827.038,4266.531,4.818874308,-0.051394997,-7.712681498,-1.13805913,2.758681931,3.222711812,86.52622223,236.252,0.001992844,0.016473434,8.266292757,2.335217439,7.806386087,201412,2.9342688943557844,2.6166666666666667
91,2015/1/1,2015,1,55.1705,1103.41,58.62,19.1195,382.39,20.97,11.28638314,1080.169,1850.359,4297.883,4.824413311,0.927091036,-9.824090711,0.701675907,0.292842684,3.001479379,111.9856949,234.747,0.002226624,0.025343557,11.38205658,2.322729265,7.827615691,201501,2.8855618609273255,2.795422031473534
92,2015/2/1,2015,2,57.79947368,1098.19,55.85,15.90421053,302.18,13.34,11.28380006,1106.266,1850.437,4294.316,4.821708293,-0.165680954,1.942267959,1.902118529,-0.99160394,3.067686652,111.9246979,235.342,0.000813542,0.032476694,39.92010824,2.320703704,7.85061612,201502,3.634224633217302,4.186656671664168
93,2015/3/1,2015,3,51.53045455,1133.67,53.72,14.81272727,325.88,15.29,11.2950469,1134.15,1883.297,4352.484,4.821348667,-0.759866167,-3.736509139,1.139638713,2.860347959,3.008884043,104.2352676,235.976,0.001720373,0.017038985,9.904240535,2.311098037,7.871361503,201503,3.4787958767298632,3.5134074558534993
94,2015/4/1,2015,4,42.76238095,898.01,36.28,13.4947619,283.39,14.55,11.28999202,1143.66,1908.969,4382.629,4.820785136,-0.394129243,4.599160316,-0.473990241,0.072560181,3.137680995,102.1904907,236.222,0.000574344,0.015322724,26.67864429,2.295809413,7.873074392,201504,3.168813297106042,2.493470790378007
95,2015/5/1,2015,5,34.1805,683.61,33.74,13.3385,266.77,13.84,11.28947874,1141.306,1930.787,4448.66,4.81825021,-0.841408677,3.663867706,0.492564046,-0.008727923,3.219209101,76.2623291,237.001,0.000887001,0.00765828,8.633903505,2.304065648,7.874603735,201505,2.562544514000825,2.437861271676301
96,2015/6/1,2015,6,32.54363636,715.96,32.43,14.33954545,315.47,18.23,11.29474222,1132.701,1941.278,4444.813,4.822980269,-0.012492654,0.658377997,-0.791922549,1.271458833,3.225681781,85.90596771,237.657,0.001052162,0.006049134,5.749240012,2.289632397,7.860751604,201506,2.2695026473102047,1.7789358200767964
97,2015/7/1,2015,7,38.11227273,838.47,38.82,14.35227273,315.75,12.12,11.30126263,1119.943,1939.312,4450.449,4.820880247,-0.487773995,-3.621226194,-0.588525623,1.371228337,3.062619589,106.8086624,238.034,0.001159781,0.007254528,6.255082036,2.294859723,7.851704789,201507,2.6554869355524016,3.202970297029703
98,2015/8/1,2015,8,43.94857143,922.92,54.37,19.42809524,407.99,28.43,11.29938565,1120.983,1958.37,4509.434,4.824234192,0.508197247,-5.007951826,-0.662842089,0.812680975,2.890933147,82.47853088,238.033,0.00584695,0.033914605,5.800392968,2.302646589,7.85602041,201508,2.262114267358306,1.9124164614843475
99,2015/9/1,2015,9,49.60285714,1041.66,45.52,24.37714286,511.92,24.5,11.29674437,1124.257,1967.709,4513.578,4.82327264,-0.039999083,1.260366196,0.038854755,-0.655021592,2.952283652,98.76745605,237.498,0.004053494,0.02083538,5.140103282,2.293823934,7.855097917,201509,2.034810126226581,1.8579591836734695
100,2015/10/1,2015,10,42.82318182,942.11,41.95,16.78954545,369.37,15.07,11.29847836,1150.339,1975.254,4516.152,4.82654298,-0.117362223,-1.594237279,1.684819165,-0.01702914,2.967434596,91.93188477,237.733,0.00161891,0.013483358,8.328664966,2.286365197,7.874775267,201510,2.5505861339444427,2.783676177836762
101,2015/11/1,2015,11,44.0395,880.79,48.14,16.21,324.2,16.13,11.30578677,1151.117,1989.222,4534.633,4.822786399,-0.87314275,-0.560542111,-1.068458187,1.204047298,2.8809194,150.7158813,238.017,0.001118757,0.009754855,8.719366111,2.279601271,7.872488601,201511,2.7168106107341146,2.9845009299442036
102,2015/12/1,2015,12,49.03181818,1078.7,46.57,18.02545455,396.56,18.21,11.30770091,1144.339,1982.022,4556.195,4.820384455,-0.531001236,-4.701288271,-0.448645622,1.045016517,2.749944126,148.2368774,237.761,0.002838483,0.01614012,5.686179234,2.298761063,7.874952766,201512,2.720143231006621,2.557386051619989
103,2016/1/1,2016,1,60.91421053,1157.37,61.86,23.71789474,450.64,20.2,11.30794877,1166.883,2013.657,4618.328,4.831171127,1.105468299,-8.383385355,0.657402926,1.23227032,2.590048334,118.2111435,237.652,0.004301316,0.048066518,11.17484059,2.293502816,7.892171633,201601,2.568280667308502,3.0623762376237624
104,2016/2/1,2016,2,67.7465,1354.93,60.01,22.517,450.34,20.55,11.29855655,1187.267,2017.956,4622.895,4.828537548,0.02963977,-1.251936529,0.900036841,-1.336811238,2.547500888,103.749649,237.336,0.002601543,0.048908479,18.79979845,2.29087998,7.90834532,201602,3.008682328907048,2.920194647201946
105,2016/3/1,2016,3,48.79363636,1073.46,45.91,15.84909091,348.68,13.95,11.29820571,1199.923,2024.345,4615.852,4.830557014,-0.105049908,6.781125268,-0.036344938,-0.481863373,2.758236813,109.7202911,238.08,0.001274157,0.025018069,19.63500358,2.280170623,7.914262942,201603,3.078639439768347,3.2910394265232976
106,2016/4/1,2016,4,46.1747619,969.67,42.52,14.30047619,300.31,15.7,11.28700619,1204.43,2035.178,4623.848,4.832392012,-0.856723486,-0.135607861,-0.469320653,-0.028906514,2.836195947,85.22145081,238.992,0.000817758,0.027578255,33.72423926,2.271962452,7.914405679,201604,3.2288968064076755,2.7082802547770704
107,2016/5/1,2016,5,41.36761905,868.72,38.08,14.85285714,311.91,14.19,11.27708844,1206.965,2050.532,4649.289,4.831892922,-0.474822167,3.727213202,0.289104987,-1.990638532,2.970337076,88.33242035,239.557,0.000995575,0.006256422,6.284231346,2.267357447,7.914479256,201605,2.7851623872819395,2.6835799859055673
108,2016/6/1,2016,6,39.72409091,873.93,38.09,17.77454545,391.04,15.63,11.28839821,1195.957,2049.443,4653.07,4.83879324,0.188699678,1.78250021,0.218981289,0.18344223,3.010516995,90.16812897,240.222,0.002864423,0.014184676,4.952017951,2.27040713,7.906661149,201606,2.234886457251147,2.436980166346769
109,2016/7/1,2016,7,39.989,799.78,41.08,13.1585,263.17,11.87,11.29734698,1188.554,2066.491,4707.305,4.833913838,-0.846688901,-2.187754416,-0.009292819,0.878633707,2.922964825,114.6104507,240.101,0.000477663,0.00910524,19.06206015,2.277921849,7.903756279,201607,3.0390242048865748,3.460825610783488
110,2016/8/1,2016,8,38.97347826,896.39,39.5,12.39956522,285.19,13.42,11.29058159,1181.768,2066.35,4692.035,4.836863086,0.350713331,2.41257155,-0.762213695,-0.732910765,2.922683833,98.73848724,240.545,0.000279164,0.013349227,47.8186505,2.270687444,7.894849526,201608,3.1431326476784323,2.9433681073025335
111,2016/9/1,2016,9,41.0047619,861.1,39.31,14.21952381,298.61,13.29,11.29467069,1166.627,2051.217,4664.859,4.835976186,-0.496450086,2.35154915,-1.157454149,0.102173588,2.93029774,104.5452271,241.176,0.001673113,0.01526791,9.125448165,2.274190883,7.883496291,201609,2.883694450524641,2.957863054928518
112,2016/10/1,2016,10,36.04714286,756.99,40.96,14.5852381,306.29,17.06,11.30923595,1186.29,2053.013,4652.637,4.842879443,0.590679006,2.80350804,1.543883206,0.474430135,3.024916578,85.74778748,241.741,0.000364052,0.006120725,16.81276393,2.266248192,7.896711754,201610,2.4714812753039666,2.400937866354045
113,2016/11/1,2016,11,46.27619048,971.8,44.25,15.23619048,319.96,13.33,11.32215157,1185.818,2056.225,4641.477,4.843582037,-0.48517822,-1.201867051,-0.744376526,1.407901529,2.937347669,82.91875458,242.026,0.000946375,0.017492075,18.48323379,2.257280696,7.892348968,201611,3.0372546563227267,3.3195798949737436
114,2016/12/1,2016,12,32.41571429,680.73,30.83,12.47238095,261.92,14.04,11.31557758,1179.704,2029.572,4591.98,4.843312884,0.048717551,8.217065968,-0.345472351,-2.003639202,3.064270316,102.1804657,242.637,0.000524022,0.005823681,11.11342265,2.262536141,7.889505209,201612,2.5989996954029855,2.1958689458689458
115,2017/1/1,2017,1,31.2825,625.65,31.33,11.6085,232.17,11.99,11.3042718,1201.876,2052.687,4666.918,4.85090289,0.008762584,-6.573220474,1.959369992,-0.501765524,3.070381931,105.2012329,243.618,0.000335573,0.00512403,15.26948446,2.273565332,7.912988178,201701,2.6947926088641942,2.6130108423686402
116,2017/2/1,2017,2,27.40263158,520.65,25.46,11.53052632,219.08,12.92,11.30446275,1220.244,2049.111,4659.305,4.854633863,0.222743955,-0.926324507,1.065440116,-0.822701176,3.08709812,114.2063599,244.006,0.000223912,0.00213883,9.55211625,2.273817768,7.928266373,201702,2.376529121005467,1.9705882352941178
117,2017/3/1,2017,3,29.2473913,672.69,27.59,11.89782609,273.65,12.37,11.29447638,1230.105,2030.437,4626.68,4.859933185,0.446017561,-5.609518606,0.488566083,-0.089773063,3.006977097,96.63587952,243.892,0.000575306,0.007324325,12.73119126,2.27866218,7.938443318,201703,2.4582130448672577,2.230396119644301
118,2017/4/1,2017,4,27.96263158,531.29,28.55,13.13631579,249.59,10.82,11.28905665,1213.073,2028.35,4642.813,4.861954059,0.226289018,3.888117691,-1.043899954,-0.674894751,3.040212702,119.4599228,244.193,0.00039055,0.002730053,6.990283346,2.288960485,7.929009866,201704,2.128650987614542,2.6386321626617377
119,2017/5/1,2017,5,32.47409091,714.43,32.29,10.86227273,238.97,10.41,11.29632533,1201.286,2033.956,4645.898,4.863735432,-0.184103015,0.885705468,-1.015090875,1.445172118,2.989136909,102.5799637,244.004,0.000503098,0.008947554,17.78490562,2.284168389,7.917149943,201705,2.9896221276336887,3.1018251681075886
120,2017/6/1,2017,6,31.95545455,703.02,28.7,10.51363636,231.3,11.18,11.30312611,1180.731,2009.883,4605.559,4.863520801,-0.30635817,-1.028323206,-1.408646234,0.714946615,2.917988662,126.7890167,244.163,0.000447562,0.0065846,14.71213826,2.291456269,7.903076558,201706,3.0394293140646536,2.5670840787119857
121,2017/7/1,2017,7,30.8605,617.21,30.84,10.2645,205.29,10.26,11.3094789,1162.294,1998.459,4608.688,4.86241918,-0.057946725,2.942565141,-0.961789607,-0.524540838,2.949250665,102.8134613,244.243,0.000258843,0.004230727,16.34473133,2.306120866,7.893717752,201707,3.0065273515514637,3.0058479532163744
122,2017/8/1,2017,8,29.13478261,670.1,29.1,11.97565217,275.44,10.59,11.30195984,1138.781,1987.216,4586.199,4.868906466,0.393282245,4.284056122,-2.154705954,-1.335411974,2.975199313,138.5316162,245.183,0.000753377,0.006569949,8.720667661,2.307851285,7.874030583,201708,2.4328347380516813,2.747875354107649
123,2017/9/1,2017,9,27.576,551.52,26.83,10.438,208.76,9.51,11.3045566,1143.228,1977.78,4542.484,4.87109568,-0.155791418,0.308430627,0.056652726,-0.942545608,3.006488429,115.5344467,246.435,0.000257248,0.003556906,13.82675786,2.296758992,7.873110114,201709,2.641885418662579,2.82124079915878
124,2017/10/1,2017,10,26.145,575.19,25.31,10.12545455,222.76,10.18,11.30638322,1128.682,1941.2,4489.617,4.871787939,-0.187365282,1.542222453,-1.311843916,-0.797082286,3.040431167,91.46157074,246.626,0.000218154,0.004258929,19.52262676,2.312804966,7.867266918,201710,2.5821063015882086,2.486247544204322
125,2017/11/1,2017,11,27.66619048,580.99,25.95,10.54047619,221.35,11.28,11.3145805,1114.332,1923.312,4463.039,4.881065781,0.598386123,4.41256158,-0.514602014,-1.055825535,3.131348162,92.59601593,247.284,0.000355335,0.003125137,8.794892425,2.320496622,7.857791625,201711,2.6247571723797045,2.300531914893617
126,2017/12/1,2017,12,21.587,431.74,21.32,10.2645,205.29,11.04,11.31118632,1084.477,1894.57,4416.668,4.882527546,-0.240714481,2.913375261,-2.438974419,-1.589013738,3.150899941,82.71825409,247.805,0.000244113,0.002602412,10.66068766,2.331224499,7.835246788,201712,2.103073700618637,1.9311594202898552
127,2018/1/1,2018,1,22.9947619,482.89,22.23,11.06238095,232.31,13.54,11.31717673,1084.994,1882.606,4436.961,4.886365648,0.24797751,-0.8508123,1.146344307,-0.549637084,3.242468278,92.42678833,248.859,0.000774263,0.002148638,2.775073992,2.356818686,7.846642431,201801,2.0786449141402965,1.6418020679468244
128,2018/2/1,2018,2,26.69421053,507.19,26.92,22.46473684,426.83,19.85,11.31869658,1089.301,1879.022,4419.867,4.88984514,-0.100239296,-2.068716777,-0.509309429,-0.378462704,3.216432244,64.49137115,249.529,0.005361661,0.00470388,0.877317525,2.352216738,7.848649662,201802,1.1882716775239108,1.3561712846347607
129,2018/3/1,2018,3,26.00142857,546.03,25.07,19.02380952,399.5,19.97,11.31650904,1090.395,1864.084,4378.352,4.886186377,-0.473910966,0.069528787,-0.207059792,-0.492304187,3.224242503,111.9622955,249.577,0.003246744,0.00520709,1.603788129,2.348795441,7.848197913,201803,1.3667834795477916,1.255383074611918
130,2018/4/1,2018,4,27.70571429,581.82,28.28,18.26761905,383.62,15.93,11.31206846,1100.544,1867.696,4383.371,4.89153534,0.411064681,1.434059953,1.039052906,-0.468994506,3.276237145,123.2634735,250.227,0.002362677,0.003925245,1.661354856,2.346940294,7.856672359,201804,1.5166571086339793,1.7752667922159449
131,2018/5/1,2018,5,26.67909091,586.94,27.61,14.12454545,310.74,15.43,11.30891876,1094.364,1873.069,4384.309,4.889621125,-0.646053387,2.201778473,-0.229071721,-0.802267417,3.328755763,125.6666183,250.792,0.000922711,0.005961952,6.461340891,2.340708751,7.84838242,201805,1.888845981234745,1.7893713545042125
132,2018/6/1,2018,6,27.52428571,578.01,27.18,13.67809524,287.24,16.09,11.31727548,1075.167,1869.206,4373.039,4.888127198,-0.477839061,1.917514579,-1.317426535,0.354772104,3.297239647,103.9685898,251.018,0.000622867,0.014675055,23.56049244,2.339516886,7.830175726,201806,2.0122893741453436,1.6892479801118707
133,2018/7/1,2018,7,27.11904762,569.5,26.52,13.14761905,276.1,12.83,11.32258641,1069.654,1874.625,4397.398,4.890948354,0.12863006,-0.282922201,0.010835293,0.709210043,3.341263168,110.0284271,251.214,0.00065443,0.011016392,16.8335686,2.345748083,7.827694874,201807,2.062658456779671,2.0670303975058455
134,2018/8/1,2018,8,25.2873913,581.61,25.02,12.54695652,288.58,12.86,11.33180674,1067.594,1891.869,4421.551,4.894810242,0.445687098,0.866507365,-0.360178121,-0.118574072,3.297468964,112.741684,251.663,0.000471273,0.004069619,8.635384142,2.337133808,7.822088108,201808,2.0154203339823162,1.9455676516329705
135,2018/9/1,2018,9,26.53842105,504.23,26.73,12.91052632,245.3,12.12,11.33096884,1076.693,1931.197,4422.895,4.89142659,-0.387659551,2.708415481,-0.890313702,-0.456577661,3.326794707,75.0539093,252.182,0.000230074,0.004168073,18.11622734,2.29023502,7.810304027,201809,2.0555646138832238,2.2054455445544554
136,2018/10/1,2018,10,28.66391304,659.27,30.12,19.35217391,445.1,21.23,11.34425009,1088.648,1915.062,4408.5,4.897316373,0.285818495,-1.699068871,1.478308475,1.31102121,3.331834826,92.01647949,252.772,0.004577594,0.006893692,1.505964201,2.302014243,7.826476336,201810,1.4811727702172142,1.4187470560527555
137,2018/11/1,2018,11,45.32285714,951.78,56.04,19.38904762,407.17,18.07,11.34582547,1098.946,1907.339,4395.891,4.89172523,-0.823530995,-9.655775499,0.265837389,1.301741076,3.115735996,80.40758514,252.594,0.002837336,0.012855323,4.530771539,2.30472454,7.837067982,201811,2.3375494262672816,3.101272827891533
138,2018/12/1,2018,12,48.83421053,927.85,51.87,24.95315789,474.11,25.42,11.3429872,1091.64,1908.077,4408.059,4.89278873,0.651348504,-4.991547303,-0.830125285,0.677537147,2.975078699,90.60766602,252.767,0.006793097,0.017694644,2.604797752,2.310210227,7.83277496,201812,1.957035287688792,2.040519276160503
139,2019/1/1,2019,1,41.42142857,869.85,34.97,19.57238095,411.02,16.57,11.3252539,1098.111,1914.152,4421.625,4.893518425,0.413983257,8.028514418,0.292384002,-3.133144047,3.012144935,87.42410278,252.718,0.003011399,0.00943041,3.131571222,2.309965457,7.838579281,201901,2.116320373888901,2.1104405552202774
140,2019/2/1,2019,2,32.03947368,608.75,30.27,15.23052632,289.38,14.7,11.32181036,1100.786,1897.44,4423.84,4.893862825,-0.747080933,-1.008748994,1.119812658,-0.502560075,3.07693246,96.80016327,253.322,0.000532403,0.004551091,8.548201148,2.331478202,7.850282237,201902,2.10363535749433,2.059183673469388
141,2019/3/1,2019,3,28.45904762,597.64,26.75,14.4852381,304.19,13.71,11.32090127,1108.016,1894.336,4418.891,4.899377892,0.001331144,-1.336579963,0.284381701,-0.03066092,3.130066838,82.32829285,254.202,0.001107063,0.003550764,3.207374584,2.332685965,7.857346686,201903,1.9646931188518053,1.9511305616338437
142,2019/4/1,2019,4,26.00761905,546.16,29.31,12.94904762,271.93,13.12,11.31811582,1118.39,1912.22,4426.508,4.89806393,-0.337125122,2.242700864,-0.191421532,-1.085078815,3.219772719,79.25344849,255.211,0.000374438,0.00314207,8.3914265,2.314852893,7.858991571,201904,2.0084580590954686,2.2339939024390243
143,2019/5/1,2019,5,32.46227273,714.17,46.91,16.72181818,367.88,18.71,11.30879538,1125.943,1951.942,4467.023,4.901332336,-0.131882722,-1.175252803,0.0753695,-0.373260102,3.17085312,106.4719009,255.29,0.001831633,0.0108514,5.924441715,2.288501912,7.854273603,201905,1.9413123848473757,2.507215392838054
144,2019/6/1,2019,6,41.5665,831.33,39.46,15.836,316.72,15.08,11.31096606,1108.264,1948.984,4468.672,4.893447541,-0.832505937,-3.782452539,-0.655422348,1.063533253,3.064415486,106.5884552,255.159,0.001064815,0.010785062,10.12857486,2.292821285,7.840333168,201906,2.624810558221773,2.616710875331565
145,2019/7/1,2019,7,32.80045455,721.61,30.77,13.30590909,292.73,16.12,11.30489907,1086.406,1953.893,4482.531,4.894935362,0.433117829,4.982645064,-1.836389614,-1.5268662,3.110396811,93.52125549,255.685,0.000593542,0.008364757,14.09295799,2.294153774,7.820994329,201907,2.46510436289175,1.9088089330024813
146,2019/8/1,2019,8,34.56863636,760.51,32.16,18.97909091,417.54,18.98,11.31797145,1074.936,1945.503,4509.094,4.894227874,-0.421046483,-3.483449538,0.039122251,1.194903587,3.063634958,103.4044189,256.059,0.004325288,0.019408067,4.487115235,2.317700872,7.820592095,201908,1.8214063320485987,1.6944151738672284
147,2019/9/1,2019,9,37.761,755.22,38.75,15.559,311.18,16.24,11.29744312,1070.432,1943.205,4468.762,4.893290327,0.014396457,3.364502292,-1.297381168,-2.72438144,3.100172327,90.36798859,256.511,0.000605424,0.03299198,54.49399191,2.299686343,7.808590325,201909,2.426955459862459,2.3860837438423648
148,2019/10/1,2019,10,37.71956522,867.55,35.84,15.46652174,355.73,13.22,11.32027329,1084.52,1926.722,4415.133,4.892700296,-0.432254542,-2.889915295,0.513590359,2.002641649,3.043388167,97.83673096,257.244,0.001510307,0.004200582,2.781277494,2.291525711,7.818110617,201910,2.43878784474524,2.7110438729198187
149,2019/11/1,2019,11,33.1425,662.85,36.73,12.5235,250.47,12.62,11.33148008,1080.854,1918.205,4419.902,4.894221654,0.007406841,4.416764645,-0.433014147,0.732415033,3.096551904,73.0783844,257.803,0.000306362,0.005719129,18.66790371,2.304186466,7.820234419,201911,2.6464247215235357,2.910459587955626
150,2019/12/1,2019,12,27.93095238,586.55,28.3,13.75666667,288.89,13.78,11.33081217,1067.739,1916.847,4406.867,4.895659163,-0.152913465,2.658704268,-1.1761562,-0.210216031,3.142168409,74.27989197,258.616,0.000502373,0.004207001,8.374252198,2.299018649,7.805780965,201912,2.0303575749865868,2.053701015965167
151,2020/1/1,2020,1,33.00952381,693.2,40.35,13.94095238,292.76,18.84,11.32694522,1075.22,1934.86,4431.906,4.847846203,-4.606202456,0.930745038,0.089691177,0.106012143,3.100331991,138.4209442,259.037,0.001119023,0.006578484,5.878775762,2.290556423,7.809075338,202001,2.36780981027926,2.14171974522293
152,2020/2/1,2020,2,38.83315789,737.83,51.25,19.62894737,372.95,40.11,11.3159415,1087.53,1917.68,4416.848,4.853324815,0.615064966,-6.953230194,-0.183134128,1.807406115,2.970150155,75.95555878,259.248,0.004776637,0.009671145,2.024676481,2.30322473,7.825974546,202002,1.9783617102846205,1.2777362253802045
153,2020/3/1,2020,3,126.2445455,2777.38,170.55,57.73681818,1270.21,53.54,11.3183831,1118.308,1961.689,4505.324,4.849676345,0.008770107,-20.96992392,0.642460089,3.406075811,2.426241213,81.54003143,258.124,0.073153179,0.568186724,7.767081826,2.296655586,7.851026079,202003,2.186551830868488,3.1854688083675757
154,2020/4/1,2020,4,163.652381,3436.7,104.98,41.45380952,870.53,34.15,11.32157051,1166.861,2041.425,4666.051,4.758205298,-7.044782331,-8.808568872,2.377483066,2.842388963,1.866019533,69.33940125,256.092,0.01430755,11.25198075,786.4365892,2.285683285,7.888737527,202004,3.947824889797969,3.074084919472914
155,2020/5/1,2020,5,87.701,1754.02,69.23,30.897,617.94,27.51,11.1758422,1169.919,2080.564,4766.828,4.768058813,2.160671291,7.624890668,-0.353757832,-10.74653614,2.412515637,68.50721741,255.868,0.004070235,0.079327361,19.48962574,2.291122984,7.893731878,202005,2.8384956468265528,2.5165394402035624
156,2020/6/1,2020,6,63.78590909,1403.29,57.66,31.11954545,684.63,30.43,11.16033858,1188.68,2113.726,4775.598,4.81398837,3.578669157,3.784966038,1.933201384,-3.143283748,2.701859536,71.2278595,256.986,0.007208538,0.021187554,2.939230276,2.259326895,7.895665661,202006,2.049705680710706,1.8948406178113704
157,2020/7/1,2020,7,46.305,1018.71,44.43,26.84045455,590.49,24.46,11.1792257,1176.264,2110.128,4784.504,4.845820088,3.0448683,-5.365584219,-0.449577846,-1.612799703,2.757607424,66.47328186,258.278,0.001607946,0.005265158,3.274461071,2.267399892,7.888732346,202007,1.7251943298404384,1.8164349959116926
158,2020/8/1,2020,8,34.89904762,732.88,32.59,22.88952381,480.68,26.41,11.19464507,1151.929,2085.108,4774.48,4.858706217,0.689782944,-1.094166389,-0.046503632,-0.615696674,2.792488775,65.46604919,259.411,0.000743392,0.003477316,4.677631971,2.289799857,7.877657622,202008,1.5246733793891012,1.2340022718667172
159,2020/9/1,2020,9,43.69238095,917.54,44.0,27.64761905,580.6,26.37,11.1932125,1139.91,2065.367,4730.281,4.87357897,0.512478086,-6.882840422,0.199967658,0.460793059,2.72396343,80.37738037,260.029,0.004907443,0.012051563,2.455772408,2.290285939,7.867381265,202009,1.5803306921649733,1.6685627607129312
160,2020/10/1,2020,10,48.83045455,1074.27,68.84,29.43863636,647.65,38.02,11.20026741,1132.478,2024.885,4669.445,4.883090256,-0.355667527,-1.852424504,-0.197582766,-1.814396735,2.717154976,76.08316803,260.286,0.003660401,0.019331401,5.281225357,2.306029725,7.867690743,202010,1.6587199880069445,1.8106259863229879
161,2020/11/1,2020,11,49.7815,995.63,47.37,24.9955,499.91,20.57,11.22543337,1138.837,2026.809,4651.281,4.892984325,0.702508547,3.399454212,-1.117473701,1.110013363,2.753474091,70.06746674,260.813,0.00249203,0.016839511,6.757345568,2.294878797,7.868442876,202011,1.9916184913284392,2.3028682547399124
162,2020/12/1,2020,12,39.81590909,875.95,37.83,22.37409091,492.23,22.75,11.23219663,1123.557,1981.434,4571.926,4.903528013,0.749701692,3.244855807,-0.599868864,-2.540909888,2.887265146,64.06729126,262.035,0.000678179,0.003658293,5.394284262,2.307382431,7.86036856,202012,1.7795542732958352,1.6628571428571428
163,2021/1/1,2021,1,37.74578947,717.17,40.2,24.91,473.29,33.09,11.23993008,1114.354,1975.188,4585.805,4.915278366,-0.228399806,1.368865609,0.084417675,-0.422229088,2.985591557,78.42060852,262.65,0.002077591,0.00492422,2.370157959,2.321705579,7.858332223,202101,1.5152866105981533,1.214868540344515
164,2021/2/1,2021,2,37.06473684,704.23,42.49,23.14052632,439.67,27.95,11.21256415,1131.649,1940.841,4519.023,4.912966779,-0.979810842,0.738343138,0.551936252,-2.063344042,3.108808416,74.35603333,263.638,0.001501267,0.006990967,4.656710366,2.328383933,7.876605576,202102,1.601724019905525,1.5202146690518785
165,2021/3/1,2021,3,42.41782609,975.61,45.65,21.84304348,502.39,19.4,11.23905925,1140.238,1948.721,4467.391,4.916822249,-0.293515161,4.685960027,-1.058562167,1.585109423,3.158207792,79.94161987,264.914,0.002473194,0.022627777,9.149212449,2.292473371,7.868623601,202103,1.9419375385503743,2.3530927835051547
166,2021/4/1,2021,4,38.315,842.93,38.39,17.41619048,365.74,18.61,11.23174965,1122.586,1932.24,4457.609,4.921504393,-0.399368657,0.614890792,-1.029638904,-0.706467506,3.141766275,90.57736206,266.67,0.001059283,0.006155068,5.81060052,2.306964456,7.859322803,202104,2.199964455143005,2.062869425040301
167,2021/5/1,2021,5,37.1055,742.11,33.54,19.7605,395.21,16.76,11.23801153,1104.565,1931.452,4469.227,4.913390239,-0.762144101,7.6363111,-0.892998867,0.020814746,3.1895271,94.01955414,268.444,0.001496483,0.006875355,4.59434161,2.313920822,7.846150283,202105,1.877761190253283,2.0011933174224343
168,2021/6/1,2021,6,33.00409091,726.09,32.74,16.95681818,373.05,15.83,11.24650169,1069.412,1902.668,4398.918,4.923110736,1.34878161,7.041847619,-2.903039889,0.793587018,3.272697715,75.57621002,270.559,0.000607375,0.002454588,4.041307103,2.311973502,7.812965734,202106,1.9463610778658478,2.068224889450411
169,2021/7/1,2021,7,37.70761905,791.86,32.85,17.60333333,369.67,18.24,11.26111234,1060.047,1899.419,4364.336,4.925013072,-0.22221038,0.961023365,-0.95785043,-0.086106506,3.283684765,60.60164261,271.764,0.001123987,0.01169723,10.40690549,2.297721566,7.797986534,202107,2.1420726599397977,1.8009868421052635
170,2021/8/1,2021,8,38.20272727,840.46,34.28,17.47272727,384.4,16.48,11.25651348,1042.827,1871.506,4325.078,4.921423507,-0.154861675,-0.152883353,-1.001132265,-1.359889426,3.211703908,90.60826874,272.87,0.000606104,0.011279528,18.60990236,2.311014766,7.787377294,202108,2.1864203956066213,2.0800970873786406
171,2021/9/1,2021,9,34.01380952,714.29,38.68,19.8247619,416.32,23.14,11.26094356,1038.111,1868.708,4267.258,4.913681447,-0.900559281,6.332068056,-1.487780634,-0.856297214,3.263733049,81.63436127,274.028,0.001393444,0.004449581,3.193225357,2.283533864,7.770882178,202109,1.7157234821569285,1.6715643906655142
172,2021/10/1,2021,10,37.27619048,782.8,37.92,17.87142857,375.3,16.26,11.27775121,1047.226,1863.613,4248.629,4.922090891,0.380116251,2.909445346,0.859737925,1.012982727,3.383237394,80.95104218,276.522,0.00115112,0.004696871,4.080260603,2.279780727,7.777979308,202110,2.0857980286239646,2.3321033210332103
173,2021/11/1,2021,11,41.04904762,862.03,75.23,18.50047619,388.51,27.19,11.28839032,1034.854,1835.215,4218.914,4.934411934,1.129828482,0.452425447,-0.730959384,0.096916518,3.34633957,89.13878632,278.711,0.001326665,0.010498978,7.913811185,2.298866345,7.774431741,202111,2.218810326741109,2.766826038984921
174,2021/12/1,2021,12,50.11,1152.53,42.62,21.35454545,469.8,17.22,11.28429665,1014.866,1792.294,4119.094,4.945010668,1.214354748,-3.175207477,-2.10823926,-0.962991796,3.239847941,108.5250473,280.887,0.002518415,0.009036628,3.588220993,2.29822451,7.754648736,202112,2.346573010290884,2.4750290360046456
175,2022/1/1,2022,1,41.346,826.92,42.35,23.181,463.62,24.83,11.28535337,1002.59,1778.304,4116.578,4.955805858,1.223026947,5.700441462,-0.028011458,-1.958075617,3.382628958,141.1321564,282.599,0.002780063,0.005272531,1.896550849,2.314889918,7.749704065,202201,1.7836158923256114,1.7055980668546116
176,2022/2/1,2022,2,46.72789474,887.83,52.5,25.74842105,489.22,30.15,11.2978106,988.001,1744.322,4077.871,4.965866552,0.039174174,3.66106778,-0.683626688,0.48416586,3.471918222,219.0926056,284.61,0.003676323,0.008480667,2.306833648,2.33779715,7.744892807,202202,1.8147868037912174,1.7412935323383085
177,2022/3/1,2022,3,67.49521739,1552.39,57.66,26.96869565,620.28,20.56,11.29659925,980.451,1719.69,4040.016,4.954764015,-1.699536701,5.492400654,-0.198065762,-1.923178426,3.630794895,325.4237671,287.472,0.00474681,0.069791181,14.70275509,2.349269927,7.74211728,202203,2.502724576151312,2.804474708171206
178,2022/4/1,2022,4,52.85,1057.0,53.1,24.3735,487.47,33.4,11.28436967,966.982,1701.365,4059.936,4.934402058,-2.784998175,-3.647271982,-0.185358695,-0.801863389,3.562904046,194.7902069,288.611,0.004926538,0.019984543,4.056508262,2.386281603,7.743916221,202204,2.1683385644244773,1.5898203592814373
179,2022/5/1,2022,5,51.63809524,1084.4,49.82,29.31363636,644.9,26.19,11.27745234,937.379,1695.559,4041.619,4.942426497,0.752990459,6.095282222,-2.736298518,-0.893832342,3.627307446,144.6686859,291.268,0.00776003,0.017526141,2.258514669,2.383649876,7.711720557,202205,1.7615724847587622,1.9022527682321495
180,2022/6/1,2022,6,46.99857143,986.97,48.9,28.23318182,621.13,28.71,11.28117788,910.826,1672.993,3992.969,4.956124962,1.397643965,1.738307729,-0.784206762,-1.005686334,3.662657144,134.8953857,294.728,0.007203428,0.01224011,1.699206218,2.386721881,7.684272707,202206,1.6646572720580455,1.7032392894461859
181,2022/7/1,2022,7,50.437,1008.74,46.19,24.9952381,524.9,21.33,11.29358716,892.22,1683.439,4020.624,4.952292585,,,,,3.540697009,118.9860764,294.628,0.003187742,0.01803545,5.657751126,2.388339583,7.664311128,202207,2.0178643547308317,2.1654946085325832
182,2022/8/1,2022,8,48.8373913,1123.26,52.11,22.16956522,509.9,25.87,11.30668438,864.799,1657.445,3986.091,4.957475821,,,,,3.456888639,135.0545502,295.32,0.003348925,0.015622581,4.664954166,2.404961251,7.640030901,202208,2.2029025294524924,2.014302280633939
183,2022/9/1,2022,9,50.4352381,1059.14,55.69,27.34181818,601.52,31.62,11.31109541,845.203,1631.458,3973.232,4.959240624,,,,,3.346898698,133.977829,296.539,0.004933698,0.015564004,3.154632751,2.435387243,7.629682611,202209,1.8446190289163864,1.7612270714737506
184,2022/10/1,2022,10,50.61428571,1062.9,47.41,30.00571429,630.12,25.88,11.31229386,836.823,1621.385,3977.238,4.950273614,,,,,3.380330383,145.8742676,297.987,0.006503949,0.012806637,1.969055491,2.452988032,7.626919465,202210,1.6868215574147558,1.8319165378670788
185,2022/11/1,2022,11,46.52761905,977.08,46.15,23.29909091,512.58,20.58,11.31352517,801.957,1603.669,3994.88,4.948222214,,,,,3.341283887,118.7280731,298.598,0.006342753,0.014025034,2.211190401,2.491087625,7.599774403,202211,1.9969714367709637,2.242468415937804
